slug,status,category,url,file_size,error
self-improving-agent,already_exists,,,19951,
skill-vetter,already_exists,,,6031,
self-improving,already_exists,,,9584,
gog,already_exists,,,2859,
ontology,already_exists,,,8062,
github,already_exists,,,2548,
proactive-agent,already_exists,,,22825,
multi-search-engine,already_exists,,,7645,
weather,already_exists,,,2419,
humanizer,already_exists,,,19250,
agent-browser-clawdbot,success,Research,https://clawhub.ai/matrixy/skills/agent-browser-clawdbot,6831,
admapix,success,Agents,https://clawhub.ai/fly0pants/skills/admapix,9973,
obsidian,success,Automation,https://clawhub.ai/steipete/skills/obsidian,3351,
auto-updater,success,Automation,https://clawhub.ai/maximeprades/skills/auto-updater,4530,
skill-creator,success,Knowledge,https://clawhub.ai/chindden/skills/skill-creator,19053,
api-gateway,already_exists,,,68428,
notion,success,Productivity,https://clawhub.ai/steipete/skills/notion,6239,
word-docx,success,Knowledge,https://clawhub.ai/ivangdavila/skills/word-docx,8738,
openai-whisper,success,Creative,https://clawhub.ai/steipete/skills/openai-whisper,1751,
free-ride,success,Integrations,https://clawhub.ai/shaivpidadi/skills/free-ride,5370,
automation-workflows,success,Automation,https://clawhub.ai/jk-0001/skills/automation-workflows,11426,
excel-xlsx,success,Integrations,https://clawhub.ai/ivangdavila/skills/excel-xlsx,7835,
desktop-control,success,Automation,https://clawhub.ai/matagul/skills/desktop-control,14902,
youtube-watcher,success,Creative,https://clawhub.ai/michaelgathara/skills/youtube-watcher,2349,
elite-longterm-memory,success,Agents,https://clawhub.ai/nextfrontierbuilds/skills/elite-longterm-memory,13750,
clawddocs,success,Knowledge,https://clawhub.ai/nicholasspisak/skills/clawddocs,6297,
slack,success,Communication,https://clawhub.ai/steipete/skills/slack,3663,
powerpoint-pptx,success,Productivity,https://clawhub.ai/ivangdavila/skills/powerpoint-pptx,7965,
markdown-converter,success,Creative,https://clawhub.ai/steipete/skills/markdown-converter,3279,
browser-automation,success,Research,https://clawhub.ai/peytoncasper/skills/browser-automation,3998,
ui-ux-pro-max,success,Development,https://clawhub.ai/xobi667/skills/ui-ux-pro-max,3653,
pdf,success,Knowledge,https://clawhub.ai/awspace/skills/pdf,8410,
discord,success,Communication,https://clawhub.ai/steipete/skills/discord,8605,
brave-search,success,Research,https://clawhub.ai/steipete/skills/brave-search,2546,
docker-essentials,success,Development,https://clawhub.ai/arnarsson/skills/docker-essentials,7574,
frontend-design-3,success,Creative,https://clawhub.ai/michaelmonetized/skills/frontend-design-3,5061,
diagram-generator,success,Creative,https://clawhub.ai/matthewyin/skills/diagram-generator,9738,
git-essentials,success,Development,https://clawhub.ai/arnarsson/skills/git-essentials,8361,
code,success,Development,https://clawhub.ai/ivangdavila/skills/code,4246,
productivity,success,Agents,https://clawhub.ai/ivangdavila/skills/productivity,12761,
security-auditor,success,Security,https://clawhub.ai/jgarrison929/skills/security-auditor,12104,
neosoul-decision-agent,success,Agents,https://clawhub.ai/0xneosoul/skills/neosoul-decision-agent,12138,
nano-pdf,success,Knowledge,https://clawhub.ai/steipete/skills/nano-pdf,1796,
bilibili-all-in-one,success,Creative,https://clawhub.ai/wscats/skills/bilibili-all-in-one,22015,
university-applications,success,Finance,https://clawhub.ai/wscats/skills/university-applications,21124,
code-analysis-skills,already_exists,,,17759,
calendar,success,Productivity,https://clawhub.ai/ndcccccc/skills/calendar,1825,
smart-weekly-report,success,Productivity,https://clawhub.ai/wscats/skills/smart-weekly-report,14286,
interview-simulator,success,Other,https://clawhub.ai/wscats/skills/interview-simulator,12105,
baidu-netdisk-skills,success,Agents,https://clawhub.ai/wscats/skills/baidu-netdisk-skills,15317,
sql-toolkit,success,Integrations,https://clawhub.ai/gitgoodordietrying/skills/sql-toolkit,13408,
image,success,Productivity,https://clawhub.ai/ivangdavila/skills/image,14661,
telegram,success,Integrations,https://clawhub.ai/codedao12/skills/telegram,3019,
resume-assistant,already_exists,,,19026,
t-trading,success,Finance,https://clawhub.ai/wscats/skills/t-trading,6910,
cron-mastery,success,Automation,https://clawhub.ai/i-mw/skills/cron-mastery,7384,
juejin-skills,success,Other,https://clawhub.ai/wscats/skills/juejin-skills,12758,
who-is-actor,already_exists,,,49639,
github-api,success,Integrations,https://clawhub.ai/byungkyu/skills/github-api,21309,
weiyun-skills,success,Integrations,https://clawhub.ai/wscats/skills/weiyun-skills,38768,
qq-zone-photo,success,Operations,https://clawhub.ai/wscats/skills/qq-zone-photo,4604,
video-frames,success,Creative,https://clawhub.ai/steipete/skills/video-frames,1829,
google-search,success,Research,https://clawhub.ai/mxfeinberg/skills/google-search,2339,
git,success,Development,https://clawhub.ai/ivangdavila/skills/git,6248,
memory,success,Agents,https://clawhub.ai/ivangdavila/skills/memory,9103,
email-daily-summary,success,Communication,https://clawhub.ai/10e9928a/skills/email-daily-summary,10275,
ui-ux-design,success,Creative,https://clawhub.ai/itsjustdri/skills/ui-ux-design,6668,
web-content-fetcher,success,Other,https://clawhub.ai/mrtommywu/skills/web-content-fetcher,3226,
google-workspace-mcp,success,Communication,https://clawhub.ai/dru-ca/skills/google-workspace-mcp,6043,
news-aggregator,success,Research,https://clawhub.ai/httencn/skills/news-aggregator,2611,
docker,success,Operations,https://clawhub.ai/ivangdavila/skills/docker,5684,
pipedrive-api,success,Integrations,https://clawhub.ai/byungkyu/skills/pipedrive-api,13484,
linear,success,Other,https://clawhub.ai/manuelhettich/skills/linear,5821,
linear-api,success,Integrations,https://clawhub.ai/byungkyu/skills/linear-api,15330,
in-depth-research,success,Research,https://clawhub.ai/ivangdavila/skills/in-depth-research,4457,
notion-skill,success,Productivity,https://clawhub.ai/dimagious/skills/notion-skill,3243,
ws-agent-browser,success,Automation,https://clawhub.ai/fhbillwer/skills/ws-agent-browser,2971,
social-media-scheduler,success,Communication,https://clawhub.ai/1kalin/skills/social-media-scheduler,3264,
finance,success,Finance,https://clawhub.ai/anton-roos/skills/finance,4197,
subagent-driven-development,success,Agents,https://clawhub.ai/zlc000190/skills/subagent-driven-development,11365,
python,success,Development,https://clawhub.ai/adarshdigievo/skills/python,5278,
cctv-news-fetcher,success,Research,https://clawhub.ai/yuhangch/skills/cctv-news-fetcher,2321,
git-workflows,success,Development,https://clawhub.ai/gitgoodordietrying/skills/git-workflows,14758,
web-browsing,success,Research,https://clawhub.ai/tankebuaa/skills/web-browsing,3707,
security-audit,success,Security,https://clawhub.ai/chandrasekar-r/skills/security-audit,3863,
translate,success,Other,https://clawhub.ai/ivangdavila/skills/translate,3552,
ai-agent-helper,success,Agents,https://clawhub.ai/katrina-jpg/skills/ai-agent-helper,2110,
web,success,Development,https://clawhub.ai/ivangdavila/skills/web,3476,
markdown,success,Other,https://clawhub.ai/ivangdavila/skills/markdown,3241,
security-scanner,success,Security,https://clawhub.ai/dmx64/skills/security-scanner,2812,
ui-audit,success,Other,https://clawhub.ai/tommygeoco/skills/ui-audit,9301,
reminder,success,Automation,https://clawhub.ai/reed1898/skills/reminder,3768,
figma,success,Knowledge,https://clawhub.ai/maddiedreese/skills/figma,8062,
notion-api-skill,success,Integrations,https://clawhub.ai/byungkyu/skills/notion-api-skill,18454,
markdown-converter-compdf,success,Knowledge,https://clawhub.ai/compdf-youna/skills/markdown-converter-compdf,9590,
data-analyst-pro,success,Integrations,https://clawhub.ai/realroc/skills/data-analyst-pro,2319,
writing-assistant,success,Productivity,https://clawhub.ai/urrrich/skills/writing-assistant,2383,
mcporter,success,Other,https://clawhub.ai/steipete/skills/mcporter,2523,
jira,success,Productivity,https://clawhub.ai/jdrhyne/skills/jira,7181,
feishu-doc,success,Knowledge,https://clawhub.ai/autogame-17/skills/feishu-doc,3125,
personal-productivity,success,Productivity,https://clawhub.ai/bo-aibot/skills/personal-productivity,6339,
agent-browser-stagehand,success,Research,https://clawhub.ai/peytoncasper/skills/agent-browser-stagehand,4046,
explain-code,success,Development,https://clawhub.ai/edwininau/skills/explain-code,1875,
email-gmail-outlook,success,Communication,https://clawhub.ai/porteden/skills/email-gmail-outlook,5456,
multi-search-engine-simple,success,Research,https://clawhub.ai/jhc888007/skills/multi-search-engine-simple,2412,
shadcn-ui,success,Other,https://clawhub.ai/jgarrison929/skills/shadcn-ui,18697,
automation-workflows-0-1-0,success,Automation,https://clawhub.ai/lucasayala/skills/automation-workflows-0-1-0,11534,
rss-ai-reader,success,Communication,https://clawhub.ai/benzema216/skills/rss-ai-reader,4281,
python-dataviz,success,Other,https://clawhub.ai/matthew-a-gordon/skills/python-dataviz,7495,
kubernetes,success,Operations,https://clawhub.ai/kcns008/skills/kubernetes,6240,
automate-excel,success,Automation,https://clawhub.ai/zways/skills/automate-excel,10081,
cron,success,Automation,https://clawhub.ai/projectsnowwork/skills/cron,2648,
file-organizer-zh,success,Other,https://clawhub.ai/huangjingzhi07/skills/file-organizer-zh,2116,
bailian-web-search,success,Research,https://clawhub.ai/krisyejh/skills/bailian-web-search,1894,
ai-image-gen,success,Creative,https://clawhub.ai/qiujiahong/skills/ai-image-gen,5556,
hot-news-aggregator,success,Research,https://clawhub.ai/henryzhuhr/skills/hot-news-aggregator,3094,
smart-model-switching,success,Development,https://clawhub.ai/millibus/skills/smart-model-switching,7385,
news,success,Research,https://clawhub.ai/ivangdavila/skills/news,3715,
job-auto-apply,success,Research,https://clawhub.ai/veeky-kumar/skills/job-auto-apply,7828,
javascript-skills,success,Development,https://clawhub.ai/wscats/skills/javascript-skills,18937,
feishu-calendar,success,Productivity,https://clawhub.ai/autogame-17/skills/feishu-calendar,2936,
stagehand-browser-cli,success,Research,https://clawhub.ai/peytoncasper/skills/stagehand-browser-cli,4024,
the-news,success,Research,https://clawhub.ai/sfkislev/skills/the-news,4874,
knowledge-graph,success,Integrations,https://clawhub.ai/safatinaztepe/skills/knowledge-graph,2690,
agent-browser-cli,success,Research,https://clawhub.ai/joshhuang123/skills/agent-browser-cli,5319,
slack-api,success,Integrations,https://clawhub.ai/byungkyu/skills/slack-api,24205,
discord-voice,success,Communication,https://clawhub.ai/avatarneil/skills/discord-voice,8917,
rss-reader,success,Research,https://clawhub.ai/dimitripantzos/skills/rss-reader,4909,
jira-api,success,Integrations,https://clawhub.ai/byungkyu/skills/jira-api,15569,
blog-writer,success,Productivity,https://clawhub.ai/tomstools11/skills/blog-writer,7983,
finance-report-analyzer,success,Finance,https://clawhub.ai/qiujiahong/skills/finance-report-analyzer,4962,
task,success,Productivity,https://clawhub.ai/amirbrooks/skills/task,3335,
git-helper,success,Development,https://clawhub.ai/xejrax/skills/git-helper,1885,
sonoscli,success,Other,https://clawhub.ai/steipete/skills/sonoscli,1941,
sqlite,success,Integrations,https://clawhub.ai/ivangdavila/skills/sqlite,4875,
aws-infra,success,Agents,https://clawhub.ai/bmdhodl/skills/aws-infra,3373,
github-repos,success,Integrations,https://clawhub.ai/hith3sh/skills/github-repos,15016,
docker-sandbox,success,Operations,https://clawhub.ai/gitgoodordietrying/skills/docker-sandbox,8912,
finance-radar,success,Finance,https://clawhub.ai/elevo11/skills/finance-radar,3118,
api,success,Integrations,https://clawhub.ai/ivangdavila/skills/api,6441,
screen-monitor,success,Other,https://clawhub.ai/emasoudy/skills/screen-monitor,2647,
typescript-skills,success,Development,https://clawhub.ai/wscats/skills/typescript-skills,25168,
notion-pages,success,Productivity,https://clawhub.ai/hith3sh/skills/notion-pages,12322,
agent,success,Other,https://clawhub.ai/ivangdavila/skills/agent,3928,
ui-ux-pro-max-plus,success,Creative,https://clawhub.ai/ireact2code/skills/ui-ux-pro-max-plus,6924,
amap-jsapi-skill,success,Security,https://clawhub.ai/lbs-amap/skills/amap-jsapi-skill,10704,
slack-workspace,success,Communication,https://clawhub.ai/hith3sh/skills/slack-workspace,19030,
figma-design,success,Integrations,https://clawhub.ai/hith3sh/skills/figma-design,16603,
typescript,success,Development,https://clawhub.ai/ivangdavila/skills/typescript,3994,
market-news,success,Research,https://clawhub.ai/afengzi/skills/market-news,2232,
discord-chat,success,Communication,https://clawhub.ai/bowenqt/skills/discord-chat,4837,
video,success,Creative,https://clawhub.ai/ivangdavila/skills/video,3748,
schedule,success,Automation,https://clawhub.ai/ivangdavila/skills/schedule,3787,
node-connect,success,Development,https://clawhub.ai/jackhua6/skills/node-connect,5824,
openclaw-dashboard,success,Integrations,https://clawhub.ai/jonathanjing/skills/openclaw-dashboard,6040,
social-sentiment,success,Research,https://clawhub.ai/atyachin/skills/social-sentiment,3308,
paper-parse,success,Knowledge,https://clawhub.ai/sterlingfrank1/skills/paper-parse,4552,
ui-ux-pro-max-2,success,Creative,https://clawhub.ai/ahump20/skills/ui-ux-pro-max-2,15077,
discord-communities,success,Communication,https://clawhub.ai/hith3sh/skills/discord-communities,11127,
discrawl,success,Integrations,https://clawhub.ai/openclaw/skills/discrawl,2393,
gitcrawl,success,Research,https://clawhub.ai/openclaw/skills/gitcrawl,2782,
notcrawl,success,Integrations,https://clawhub.ai/openclaw/skills/notcrawl,2076,
slacrawl,success,Integrations,https://clawhub.ai/openclaw/skills/slacrawl,2028,
graincrawl,success,Integrations,https://clawhub.ai/openclaw/skills/graincrawl,2182,
rss-digest,success,Research,https://clawhub.ai/odysseus0/skills/rss-digest,3483,
web-learner,success,Research,https://clawhub.ai/jackeven02/skills/web-learner,4480,
csv,success,Integrations,https://clawhub.ai/ivangdavila/skills/csv,3098,
openai-ai,success,Creative,https://clawhub.ai/hith3sh/skills/openai-ai,17623,
domain-dns-ops,success,Other,https://clawhub.ai/steipete/skills/domain-dns-ops,4340,
parallel-ai-research,success,Research,https://clawhub.ai/brennerspear/skills/parallel-ai-research,8382,
health,success,Lifestyle,https://clawhub.ai/ivangdavila/skills/health,3651,
finance-accounting,success,Finance,https://clawhub.ai/fangkelvin/skills/finance-accounting,6183,
learn-cog,success,Knowledge,https://clawhub.ai/nitishgargiitd/skills/learn-cog,9298,
read-github,success,Research,https://clawhub.ai/am-will/skills/read-github,3863,
communication-skill,success,Productivity,https://clawhub.ai/aatmaan1/skills/communication-skill,7716,
py,success,Other,https://clawhub.ai/ivangdavila/skills/py,2990,
data-analyst-cn,success,Integrations,https://clawhub.ai/yang1002378395-cmyk/skills/data-analyst-cn,7809,
ace-music,success,Creative,https://clawhub.ai/fspecii/skills/ace-music,4717,
lh-video-gen,success,Creative,https://clawhub.ai/liuhedev/skills/lh-video-gen,4413,
music-generation-cellcog,success,Creative,https://clawhub.ai/nitishgargiitd/skills/music-generation-cellcog,7618,
tts-whatsapp,success,Creative,https://clawhub.ai/hopyky/skills/tts-whatsapp,4482,
obsidian-official-cli,success,Integrations,https://clawhub.ai/slmoloch/skills/obsidian-official-cli,10512,
sql,success,Integrations,https://clawhub.ai/ivangdavila/skills/sql,5853,
afrexai-business-automation,success,Automation,https://clawhub.ai/1kalin/skills/afrexai-business-automation,18591,
design,success,Creative,https://clawhub.ai/ivangdavila/skills/design,1899,
auto-workflow,success,Automation,https://clawhub.ai/xaiohuangningde/skills/auto-workflow,2361,
timer,success,Communication,https://clawhub.ai/hisxo/skills/timer,4605,
task-planner,success,Productivity,https://clawhub.ai/xueyetianya/skills/task-planner,3142,
workflow,success,Automation,https://clawhub.ai/ivangdavila/skills/workflow,3931,
dns-networking,success,Development,https://clawhub.ai/gitgoodordietrying/skills/dns-networking,12344,
brainz-calendar,success,Productivity,https://clawhub.ai/xejrax/skills/brainz-calendar,2000,
k8s,success,Operations,https://clawhub.ai/ivangdavila/skills/k8s,4800,
whatsapp-styling-guide,success,Communication,https://clawhub.ai/rubenfb23/skills/whatsapp-styling-guide,2653,
java,success,Other,https://clawhub.ai/ivangdavila/skills/java,2947,
music-generation,success,Creative,https://clawhub.ai/ivangdavila/skills/music-generation,4273,
automation-workflow-builder,success,Automation,https://clawhub.ai/careytian-ai/skills/automation-workflow-builder,5280,
assistant,success,Lifestyle,https://clawhub.ai/ivangdavila/skills/assistant,5041,
feishu-card,success,Communication,https://clawhub.ai/autogame-17/skills/feishu-card,4034,
vue,success,Integrations,https://clawhub.ai/ivangdavila/skills/vue,5271,
auto-monitor,success,Operations,https://clawhub.ai/xaiohuangningde/skills/auto-monitor,2176,
token-manager,success,Other,https://clawhub.ai/kelegele/skills/token-manager,13508,
security,success,Security,https://clawhub.ai/0xbeekeeper/skills/security,44122,
ws-excel,success,Integrations,https://clawhub.ai/fhbillwer/skills/ws-excel,1703,
macro-monitor,success,Automation,https://clawhub.ai/hmzo/skills/macro-monitor,6863,
linear-skill,already_exists,,,3728,
docker-ctl,success,Operations,https://clawhub.ai/xejrax/skills/docker-ctl,1800,
apple-health-skill,success,Lifestyle,https://clawhub.ai/nftechie/skills/apple-health-skill,4908,
logo-brand-identity-cellcog,success,Creative,https://clawhub.ai/nitishgargiitd/skills/logo-brand-identity-cellcog,10349,
excel-formula,success,Knowledge,https://clawhub.ai/xueyetianya/skills/excel-formula,2279,
productivity-bot,success,Automation,https://clawhub.ai/chinakingkong/skills/productivity-bot,2203,
discord-hub,success,Integrations,https://clawhub.ai/codedao12/skills/discord-hub,3409,
game-asset-generation-cellcog,success,Creative,https://clawhub.ai/nitishgargiitd/skills/game-asset-generation-cellcog,10032,
scrape-web,success,Research,https://clawhub.ai/jnmhub/skills/scrape-web,1923,
smart-auto-updater,success,Other,https://clawhub.ai/ruiwang20010702/skills/smart-auto-updater,6694,
javascript,success,Development,https://clawhub.ai/ivangdavila/skills/javascript,4529,
social,success,Communication,https://clawhub.ai/lucasgeeksinthewood/skills/social,18402,
secure-api-calls,already_exists,,,161771,
browser-automation-v2,success,Research,https://clawhub.ai/bodafu/skills/browser-automation-v2,3407,
aws,success,Operations,https://clawhub.ai/ivangdavila/skills/aws,7690,
video-translator,success,Creative,https://clawhub.ai/papawaigo/skills/video-translator,4902,
free-web-search,success,Research,https://clawhub.ai/ucsdzehualiu/skills/free-web-search,7435,
azure-infra,success,Agents,https://clawhub.ai/bmdhodl/skills/azure-infra,3339,
tailwindcss,success,Creative,https://clawhub.ai/ivangdavila/skills/tailwindcss,4851,
clawdbot-jira-skill,success,Integrations,https://clawhub.ai/kyjus25/skills/clawdbot-jira-skill,5304,
ping-monitor,success,Lifestyle,https://clawhub.ai/xejrax/skills/ping-monitor,1729,
x-timeline-digest,success,Communication,https://clawhub.ai/seandong/skills/x-timeline-digest,4944,
internet-search,success,Research,https://clawhub.ai/jzakirov/skills/internet-search,4534,
mongodb,success,Integrations,https://clawhub.ai/ivangdavila/skills/mongodb,5423,
code-quality,success,Development,https://clawhub.ai/urbantech/skills/code-quality,2804,
openclaw-automation-recipes,success,Automation,https://clawhub.ai/yang1002378395-cmyk/skills/openclaw-automation-recipes,4666,
office-automation-pro,success,Automation,https://clawhub.ai/wensen2024/skills/office-automation-pro,5911,
agentic-security-audit,success,Security,https://clawhub.ai/kingrubic/skills/agentic-security-audit,31872,
redis-store,success,Agents,https://clawhub.ai/ivangdavila/skills/redis-store,5002,
kubernetes-devops,success,Operations,https://clawhub.ai/wpank/skills/kubernetes-devops,12353,
azure-cli,success,Development,https://clawhub.ai/ddevaal/skills/azure-cli,9874,
anyone-proxy,success,Other,https://clawhub.ai/ra3ka/skills/anyone-proxy,3190,
dashboard,success,Other,https://clawhub.ai/ivangdavila/skills/dashboard,3749,
music,success,Lifestyle,https://clawhub.ai/ivangdavila/skills/music,4784,
feishu-send-file,success,Communication,https://clawhub.ai/dadaniya99/skills/feishu-send-file,6870,
local-file-rag-basic,success,Knowledge,https://clawhub.ai/wjreliable/skills/local-file-rag-basic,2217,
api-generator,success,Integrations,https://clawhub.ai/ckchzh/skills/api-generator,2866,
browser-automation-cdp,success,Automation,https://clawhub.ai/hunling233/skills/browser-automation-cdp,10168,
searching-assistant,success,Research,https://clawhub.ai/urrrich0/skills/searching-assistant,2623,
miniprogram-development,success,Other,https://clawhub.ai/binggg/skills/miniprogram-development,11480,
upstage-document-parse,success,Knowledge,https://clawhub.ai/upstage-deployment/skills/upstage-document-parse,5368,
whatsapp-ultimate,success,Integrations,https://clawhub.ai/globalcaos/skills/whatsapp-ultimate,15314,
test,success,Finance,https://clawhub.ai/arein/skills/test,5107,
obsidian-1-0-0,success,Automation,https://clawhub.ai/terryren2024/skills/obsidian-1-0-0,3398,
news-feed,success,Research,https://clawhub.ai/lknik/skills/news-feed,3589,
whatsapp-styler,success,Communication,https://clawhub.ai/rubenfb23/skills/whatsapp-styler,2630,
obsidian-notesmd-cli,success,Automation,https://clawhub.ai/bassshang/skills/obsidian-notesmd-cli,4024,
json,success,Integrations,https://clawhub.ai/ivangdavila/skills/json,4150,
rust,success,Other,https://clawhub.ai/ivangdavila/skills/rust,4835,
diagram,success,Other,https://clawhub.ai/ivangdavila/skills/diagram,4198,
file,success,Other,https://clawhub.ai/ethagent/skills/file,9727,
clawprint,success,Other,https://clawhub.ai/yugovit/skills/clawprint,25583,
db,success,Integrations,https://clawhub.ai/ivangdavila/skills/db,4850,
csv-handler,success,Integrations,https://clawhub.ai/datadrivenconstruction/skills/csv-handler,10126,
game-theory,already_exists,,,10611,
clawsec-feed,success,Automation,https://clawhub.ai/davida-ps/skills/clawsec-feed,29681,
ai-podcast,success,Creative,https://clawhub.ai/mogens9/skills/ai-podcast,5444,
game-developer-skill,success,Lifestyle,https://clawhub.ai/cryptorabea/skills/game-developer-skill,4899,
elite-longterm-memory-local,success,Agents,https://clawhub.ai/lhmiles/skills/elite-longterm-memory-local,8681,
monitor,success,Other,https://clawhub.ai/ivangdavila/skills/monitor,4525,
word,success,Other,https://clawhub.ai/ivangdavila/skills/word,6973,
css,success,Other,https://clawhub.ai/ivangdavila/skills/css,5410,
claude-code-runner,success,Development,https://clawhub.ai/lhl09120/skills/claude-code-runner,6892,
telegram-messaging,success,Communication,https://clawhub.ai/hith3sh/skills/telegram-messaging,15269,
visual-file-sorter,success,Other,https://clawhub.ai/anotherj1/skills/visual-file-sorter,4636,
anthropics-frontend-design,success,Creative,https://clawhub.ai/iammarcellus/skills/anthropics-frontend-design,5586,
agent-knowledge,success,Research,https://clawhub.ai/ianderrington/skills/agent-knowledge,4015,
video-producer,success,Creative,https://clawhub.ai/a1024708231/skills/video-producer,5109,
universal-translate,success,Development,https://clawhub.ai/vanthienha199/skills/universal-translate,4721,
openclaw-cron-setup,success,Automation,https://clawhub.ai/zyclincoln/skills/openclaw-cron-setup,6484,
gif-whatsapp,success,Research,https://clawhub.ai/shaharsha/skills/gif-whatsapp,4558,
email-163-com,success,Communication,https://clawhub.ai/newolf20000/skills/email-163-com,8155,
whatsapp-messaging,success,Communication,https://clawhub.ai/hith3sh/skills/whatsapp-messaging,15500,
ui-ux-dev,success,Creative,https://clawhub.ai/wing8169/skills/ui-ux-dev,9346,
elite-frontend-design,success,Creative,https://clawhub.ai/moxunjinmu/skills/elite-frontend-design,4646,
mermaid-diagram,success,Development,https://clawhub.ai/pupujanet-eng/skills/mermaid-diagram,3254,
baoyu-format-markdown,success,Development,https://clawhub.ai/jimliu/skills/baoyu-format-markdown,15078,
monad-development,success,Other,https://clawhub.ai/portdeveloper/skills/monad-development,9325,
html,success,Other,https://clawhub.ai/ivangdavila/skills/html,3333,
quant-data-quality,success,Productivity,https://clawhub.ai/xueylee-dotcom/skills/quant-data-quality,7670,
azure-ai-voicelive-py,success,Creative,https://clawhub.ai/thegovind/skills/azure-ai-voicelive-py,10505,
generate-presentation,success,Knowledge,https://clawhub.ai/nhype/skills/generate-presentation,13125,
ctxly-chat,success,Other,https://clawhub.ai/aerialcombat/skills/ctxly-chat,4640,
podcast,success,Creative,https://clawhub.ai/ivangdavila/skills/podcast,3428,
learn,success,Knowledge,https://clawhub.ai/ivangdavila/skills/learn,3420,
chromecast-control,success,Creative,https://clawhub.ai/morozred/skills/chromecast-control,5248,
shopify-helper,success,Other,https://clawhub.ai/bytesagain3/skills/shopify-helper,2775,
excel-studio,success,Integrations,https://clawhub.ai/tobewin/skills/excel-studio,14447,
agent-framework-azure-ai-py,success,Research,https://clawhub.ai/thegovind/skills/agent-framework-azure-ai-py,11857,
data-analysis-litiao,success,Integrations,https://clawhub.ai/litiao1224/skills/data-analysis-litiao,4266,
totalreclaw,success,Agents,https://clawhub.ai/p-diogo/skills/totalreclaw,9155,
azure-ai-transcription-py,success,Creative,https://clawhub.ai/thegovind/skills/azure-ai-transcription-py,3158,
smart-memory-manager,success,Agents,https://clawhub.ai/ayalili/skills/smart-memory-manager,4199,
telegram-bot-builder,success,Integrations,https://clawhub.ai/katrina-jpg/skills/telegram-bot-builder,2170,
reddit-research,success,Integrations,https://clawhub.ai/lknezic/skills/reddit-research,5351,
rss-aggregator,success,Research,https://clawhub.ai/hooila/skills/rss-aggregator,4465,
report,success,Other,https://clawhub.ai/ivangdavila/skills/report,4280,
tardis,success,Other,https://clawhub.ai/rm289/skills/tardis,10190,
bookmark-intelligence,success,Communication,https://clawhub.ai/bkrigmo1/skills/bookmark-intelligence,19705,
financial-literacy,success,Finance,https://clawhub.ai/ivangdavila/skills/financial-literacy,7803,
powerpoint,success,Other,https://clawhub.ai/ivangdavila/skills/powerpoint,7038,
azure-devops,success,Productivity,https://clawhub.ai/pals-software/skills/azure-devops,4788,
flexible-database-design,success,Integrations,https://clawhub.ai/mars2003/skills/flexible-database-design,11333,
pandoc-convert-openclaw,success,Knowledge,https://clawhub.ai/thejorgeschmidt/skills/pandoc-convert-openclaw,9338,
token-layer,success,Operations,https://clawhub.ai/chrisciszak/skills/token-layer,9746,
dlazy-audio-generate,success,Creative,https://clawhub.ai/dlazyai/skills/dlazy-audio-generate,10331,
clawcall,success,Integrations,https://clawhub.ai/shreyjindal81/skills/clawcall,17792,
file-auto-organizer,success,Other,https://clawhub.ai/sxliuyu/skills/file-auto-organizer,2706,
daily-report-writer,success,Productivity,https://clawhub.ai/joifg/skills/daily-report-writer,1936,
analyze,success,Development,https://clawhub.ai/ivangdavila/skills/analyze,3475,
cloud-storage,success,Other,https://clawhub.ai/ivangdavila/skills/cloud-storage,3654,
popeye-productivity,success,Knowledge,https://clawhub.ai/jiangtaoid/skills/popeye-productivity,4419,
dlazy-generate,success,Creative,https://clawhub.ai/dlazyai/skills/dlazy-generate,17477,
claude-tmux,success,Development,https://clawhub.ai/paulrahul/skills/claude-tmux,4606,
ui,success,Creative,https://clawhub.ai/ivangdavila/skills/ui,5048,
cloud,success,Integrations,https://clawhub.ai/ivangdavila/skills/cloud,3738,
encoding-formats,success,Integrations,https://clawhub.ai/gitgoodordietrying/skills/encoding-formats,13113,
compress-pdf,success,Knowledge,https://clawhub.ai/crossservicesolutions/skills/compress-pdf,3179,
cheat-code,success,Development,https://clawhub.ai/kenoodl-synthesis/skills/cheat-code,2737,
openclaw-reminder,success,Automation,https://clawhub.ai/skyan/skills/openclaw-reminder,4860,
markdown-exporter,already_exists,,,18235,
use-my-browser,success,Research,https://clawhub.ai/flyinghanger/skills/use-my-browser,6138,
multi-source-research,success,Research,https://clawhub.ai/cp3d1455926-svg/skills/multi-source-research,3614,
go,success,Development,https://clawhub.ai/ivangdavila/skills/go,5529,
word-docx-1,success,Knowledge,https://clawhub.ai/tonydesign1999/skills/word-docx-1,8746,
context-driven-development,success,Knowledge,https://clawhub.ai/wpank/skills/context-driven-development,10508,
encrypted-docs,success,Integrations,https://clawhub.ai/vijaykrishnavanshi/skills/encrypted-docs,13827,
mongodb-atlas-admin,success,Integrations,https://clawhub.ai/finishy1995/skills/mongodb-atlas-admin,4001,
azure,success,Operations,https://clawhub.ai/ivangdavila/skills/azure,5520,
vector-control,success,Integrations,https://clawhub.ai/dbeadle1/skills/vector-control,4429,
code-1-0-4,success,Development,https://clawhub.ai/lion504/skills/code-1-0-4,4288,
verify-claims,success,Research,https://clawhub.ai/asgraf/skills/verify-claims,20875,
research-agent,success,Research,https://clawhub.ai/brennerspear/skills/research-agent,8362,
agentvibes-openclaw-skill,success,Creative,https://clawhub.ai/paulpreibisch/skills/agentvibes-openclaw-skill,7730,
write,success,Other,https://clawhub.ai/ivangdavila/skills/write,2965,
dns-lookup,success,Other,https://clawhub.ai/xejrax/skills/dns-lookup,1913,
dingtalk-calendar,success,Productivity,https://clawhub.ai/javazhengwu/skills/dingtalk-calendar,7178,
rss-feed-digest,success,Research,https://clawhub.ai/zacjiang/skills/rss-feed-digest,3597,
firewall,success,Security,https://clawhub.ai/ivangdavila/skills/firewall,4717,
go-security-vulnerability,success,Security,https://clawhub.ai/irook661/skills/go-security-vulnerability,3935,
email-skill,success,Communication,https://clawhub.ai/awspace/skills/email-skill,5140,
note,success,Productivity,https://clawhub.ai/agenticio/skills/note,4739,
azure-proxy,success,Integrations,https://clawhub.ai/benediktschackenberg/skills/azure-proxy,4367,
chat,success,Other,https://clawhub.ai/ivangdavila/skills/chat,3176,
aegis-security,success,Security,https://clawhub.ai/swiftadviser/skills/aegis-security,12303,
moltblock,success,Security,https://clawhub.ai/meshailabs/skills/moltblock,5741,
creator-alpha-feed,success,Communication,https://clawhub.ai/rotbit/skills/creator-alpha-feed,3419,
java-development-manual,success,Development,https://clawhub.ai/shinelon/skills/java-development-manual,8109,
ui-ux,success,Creative,https://clawhub.ai/wpank/skills/ui-ux,12836,
html-coder,success,Creative,https://clawhub.ai/jhauga/skills/html-coder,5700,
aws-agentcore-langgraph,success,Agents,https://clawhub.ai/killerapp/skills/aws-agentcore-langgraph,7232,
knowledge,success,Knowledge,https://clawhub.ai/zhbgyj/skills/knowledge,1712,
linear-autopilot,success,Automation,https://clawhub.ai/vincentchan/skills/linear-autopilot,7640,
stock-filter-skills,success,Finance,https://clawhub.ai/afengzi/skills/stock-filter-skills,7306,
knowledge-capture,success,Knowledge,https://clawhub.ai/neptunear/skills/knowledge-capture,4373,
grok-image-generate,success,Creative,https://clawhub.ai/279458179/skills/grok-image-generate,4925,
agent-chat,already_exists,,,3871,
netpad,success,Integrations,https://clawhub.ai/mrlynn/skills/netpad,11761,
vpn,success,Security,https://clawhub.ai/ivangdavila/skills/vpn,3651,
control-ikea-lightbulb,success,Other,https://clawhub.ai/antgly/skills/control-ikea-lightbulb,4659,
note-taker,success,Productivity,https://clawhub.ai/bytesagain3/skills/note-taker,6341,
git-cli,success,Development,https://clawhub.ai/openlang-cn/skills/git-cli,6089,
bsession,success,Research,https://clawhub.ai/gaxxx/skills/bsession,9273,
can,already_exists,,,4923,
solo-research,success,Research,https://clawhub.ai/fortunto2/skills/solo-research,14404,
vpn-rotate-skill,success,Integrations,https://clawhub.ai/acastellana/skills/vpn-rotate-skill,5677,
excel-pro,success,Integrations,https://clawhub.ai/agisearch/skills/excel-pro,12515,
agent-group,success,Other,https://clawhub.ai/84191879/skills/agent-group,1452,
professional-communication,success,Communication,https://clawhub.ai/wpank/skills/professional-communication,4437,
ai-news,success,Research,https://clawhub.ai/vic240821/skills/ai-news,6919,
trade-with-taro,success,Other,https://clawhub.ai/byron-mckeeby/skills/trade-with-taro,8460,
yaml,success,Other,https://clawhub.ai/ivangdavila/skills/yaml,3506,
html-designer,success,Creative,https://clawhub.ai/jhauga/skills/html-designer,14404,
go-linter-configuration,success,Other,https://clawhub.ai/irook661/skills/go-linter-configuration,5122,
jinn-node,success,Other,https://clawhub.ai/ritsukai2000/skills/jinn-node,5628,
bot-status-api-test,success,Integrations,https://clawhub.ai/suspect80/skills/bot-status-api-test,4664,
control,success,Automation,https://clawhub.ai/breckengan/skills/control,14852,
tool-call-retry,success,Other,https://clawhub.ai/ayalili/skills/tool-call-retry,4284,
art,success,Other,https://clawhub.ai/ivangdavila/skills/art,3732,
key-guard,success,Integrations,https://clawhub.ai/domjeff/skills/key-guard,6929,
docker-essentials-1-0-0,success,Development,https://clawhub.ai/pespringer/skills/docker-essentials-1-0-0,7616,
drawing-analyzer,success,Automation,https://clawhub.ai/datadrivenconstruction/skills/drawing-analyzer,17138,
tool,success,Other,https://clawhub.ai/ethagent/skills/tool,6645,
game,success,Lifestyle,https://clawhub.ai/agisearch/skills/game,11037,
pdf-processor-cn,success,Knowledge,https://clawhub.ai/yang1002378395-cmyk/skills/pdf-processor-cn,9147,
slack-hub-skill,success,Communication,https://clawhub.ai/icyfrosty/skills/slack-hub-skill,2312,
javascript-sdk,success,Development,https://clawhub.ai/okaris/skills/javascript-sdk,14495,
openclaw-telegram-chat,success,Communication,https://clawhub.ai/adminlove520/skills/openclaw-telegram-chat,5271,
agent-telegram,success,Communication,https://clawhub.ai/shangchuanqiytu-ui/skills/agent-telegram,4031,
memory-scan,success,Agents,https://clawhub.ai/dgriffin831/skills/memory-scan,6752,
ux,success,Creative,https://clawhub.ai/ivangdavila/skills/ux,4963,
moltbook-firewall,success,Security,https://clawhub.ai/machinesbefree/skills/moltbook-firewall,4789,
go-to-market,success,Other,https://clawhub.ai/jk-0001/skills/go-to-market,11376,
json-parser,success,Integrations,https://clawhub.ai/datadrivenconstruction/skills/json-parser,8854,
straker-verify,already_exists,,,4159,
alephnet-node,success,Communication,https://clawhub.ai/sschepis/skills/alephnet-node,28635,
calendar-skill,success,Productivity,https://clawhub.ai/porteden/skills/calendar-skill,5588,
daily-news-brief,success,Research,https://clawhub.ai/zwang2sz/skills/daily-news-brief,7985,
agent-bom-vulnerability-intel,success,Security,https://clawhub.ai/msaad00/skills/agent-bom-vulnerability-intel,5348,
photo-captions,success,Communication,https://clawhub.ai/pfrederiksen/skills/photo-captions,9721,
note-processor,success,Integrations,https://clawhub.ai/johstracke/skills/note-processor,11029,
free-google-search-with-browser,success,Research,https://clawhub.ai/qipengguo/skills/free-google-search-with-browser,3557,
kai-tw-figma,success,Integrations,https://clawhub.ai/kai-tw/skills/kai-tw-figma,2232,
podcast-chaptering-highlights,success,Creative,https://clawhub.ai/codedao12/skills/podcast-chaptering-highlights,3514,
api-doc-writer,success,Integrations,https://clawhub.ai/yongjie666888/skills/api-doc-writer,5356,
file-browser,success,Research,https://clawhub.ai/nagilem/skills/file-browser,2801,
test-wa,success,Communication,https://clawhub.ai/fianabates1/skills/test-wa,3046,
translate-en-zh,success,Automation,https://clawhub.ai/jeffrey-zou/skills/translate-en-zh,4070,
vulnerability-scanner,success,Security,https://clawhub.ai/brandonwise/skills/vulnerability-scanner,9752,
text,success,Other,https://clawhub.ai/ivangdavila/skills/text,3286,
tool-finder,success,Research,https://clawhub.ai/lironghai/skills/tool-finder,12090,
internet-search-pro,success,Research,https://clawhub.ai/chenkek901/skills/internet-search-pro,2774,
tarot,success,Other,https://clawhub.ai/yangsenessa/skills/tarot,7570,
z-card-image,success,Communication,https://clawhub.ai/aatrooox/skills/z-card-image,6162,
x-news-daily,success,Automation,https://clawhub.ai/airbai/skills/x-news-daily,7402,
anygen-diagram-generator,success,Creative,https://clawhub.ai/logictortoise/skills/anygen-diagram-generator,2376,
batch,success,Automation,https://clawhub.ai/ivangdavila/skills/batch,2295,
ai-kujiale-design,success,Creative,https://clawhub.ai/wuweiqi1993/skills/ai-kujiale-design,9453,
thesis-helper,success,Research,https://clawhub.ai/bytesagain3/skills/thesis-helper,2842,
github-trending-feed,success,Integrations,https://clawhub.ai/humor200/skills/github-trending-feed,3309,
rho-telegram-alerts,success,Finance,https://clawhub.ai/jamierossouw/skills/rho-telegram-alerts,2554,
api-development,success,Knowledge,https://clawhub.ai/wpank/skills/api-development,8959,
chart,success,Integrations,https://clawhub.ai/projectsnowwork/skills/chart,2802,
encryption,success,Development,https://clawhub.ai/ivangdavila/skills/encryption,3637,
pentest-commands,success,Security,https://clawhub.ai/solomonneas/skills/pentest-commands,10676,
video-editing,success,Creative,https://clawhub.ai/mike47512/skills/video-editing,3475,
cron-helper,success,Automation,https://clawhub.ai/imaflytok/skills/cron-helper,3231,
calendar-reminder,success,Communication,https://clawhub.ai/ilove323/skills/calendar-reminder,2822,
vscode-node,success,Development,https://clawhub.ai/xiaoyaner0201/skills/vscode-node,7124,
free-weather-skill,success,Lifestyle,https://clawhub.ai/codekungfu/skills/free-weather-skill,2358,
python3,success,Productivity,https://clawhub.ai/jvy/skills/python3,3547,
jellyfin-control,success,Research,https://clawhub.ai/titunito/skills/jellyfin-control,10629,
postgres-job-queue,success,Integrations,https://clawhub.ai/wpank/skills/postgres-job-queue,6812,
search-2,success,Research,https://clawhub.ai/barneyjm/skills/search-2,6596,
audio-upload-aioz-stream,success,Creative,https://clawhub.ai/vinhbui3004/skills/audio-upload-aioz-stream,8601,
csv-analyzer,success,Integrations,https://clawhub.ai/zacjiang/skills/csv-analyzer,3401,
game-ai,success,Lifestyle,https://clawhub.ai/thb32133451/skills/game-ai,17130,
logo,success,Creative,https://clawhub.ai/ivangdavila/skills/logo,4823,
book-painter,success,Other,https://clawhub.ai/edwardrodriguez703-design/skills/book-painter,2508,
mac-node-snapshot,success,Security,https://clawhub.ai/taozhe6/skills/mac-node-snapshot,2852,
smart-model-routing-for-zai,success,Development,https://clawhub.ai/princnl/skills/smart-model-routing-for-zai,7647,
photo-webcam,success,Other,https://clawhub.ai/unixweb/skills/photo-webcam,7700,
frontend-design,success,Other,https://clawhub.ai/paudyyin/skills/frontend-design,10654,
logo-design-guide,success,Creative,https://clawhub.ai/okaris/skills/logo-design-guide,8341,
powerpoint-pptx-cn,success,Productivity,https://clawhub.ai/linbo405/skills/powerpoint-pptx-cn,8006,
china-news,success,Research,https://clawhub.ai/tobewin/skills/china-news,13833,
baoyu-diagram,success,Other,https://clawhub.ai/jimliu/skills/baoyu-diagram,13103,
merge-pdf,success,Knowledge,https://clawhub.ai/crossservicesolutions/skills/merge-pdf,3044,
pyx-scan,success,Integrations,https://clawhub.ai/fysoul17/skills/pyx-scan,6914,
xml,success,Other,https://clawhub.ai/ivangdavila/skills/xml,3854,
ssl,success,Development,https://clawhub.ai/ivangdavila/skills/ssl,3953,
pptx-pdf-font-fix,success,Knowledge,https://clawhub.ai/chernojagne/skills/pptx-pdf-font-fix,3015,
aic-dashboard,success,Integrations,https://clawhub.ai/lksrz/skills/aic-dashboard,4379,
audit,success,Other,https://clawhub.ai/duclawbot/skills/audit,2455,
afrexai-knowledge-management,success,Knowledge,https://clawhub.ai/1kalin/skills/afrexai-knowledge-management,27833,
ui-component,success,Development,https://clawhub.ai/bytesagain3/skills/ui-component,2793,
fonts,success,Other,https://clawhub.ai/ivangdavila/skills/fonts,4671,
ocean-chat,already_exists,,,23067,
knowledge-graph-skill,success,Development,https://clawhub.ai/xnohat/skills/knowledge-graph-skill,8968,
molted-work,success,Other,https://clawhub.ai/chunkydotdev/skills/molted-work,24861,
data,success,Other,https://clawhub.ai/ivangdavila/skills/data,4348,
smart-cache,success,Other,https://clawhub.ai/raghulpasupathi/skills/smart-cache,4568,
java-code-reviewer,success,Development,https://clawhub.ai/wxweven/skills/java-code-reviewer,6124,
git-workflow-cn,success,Development,https://clawhub.ai/yang1002378395-cmyk/skills/git-workflow-cn,9266,
postgres-mcp-skills,success,Integrations,https://clawhub.ai/victorzhou123/skills/postgres-mcp-skills,4036,
document-pdf,success,Knowledge,https://clawhub.ai/kidaiangel/skills/document-pdf,8309,
video-upload-aioz-stream,success,Creative,https://clawhub.ai/vinhbui3004/skills/video-upload-aioz-stream,11810,
json-canvas,success,Integrations,https://clawhub.ai/sadlay/skills/json-canvas,8840,
dns,success,Communication,https://clawhub.ai/ivangdavila/skills/dns,3909,
anthrovision-telegram-body-scan,success,Communication,https://clawhub.ai/dr2101/skills/anthrovision-telegram-body-scan,3105,
plugin-architecture,success,Other,https://clawhub.ai/maverick-software/skills/plugin-architecture,2911,
diagram-tools,success,Productivity,https://clawhub.ai/zsdadad/skills/diagram-tools,3484,
molt-board-art,success,Other,https://clawhub.ai/sho0bz/skills/molt-board-art,8292,
token-saver-skill,success,Agents,https://clawhub.ai/jzming9/skills/token-saver-skill,9989,
cdn,success,Security,https://clawhub.ai/ivangdavila/skills/cdn,3765,
sql-generator,success,Integrations,https://clawhub.ai/ckchzh/skills/sql-generator,2900,
accounting-and-finance,success,Finance,https://clawhub.ai/shihugh5-lab/skills/accounting-and-finance,8755,
weekly-report-writer,success,Productivity,https://clawhub.ai/epsilon-rhk/skills/weekly-report-writer,3372,
tpn-proxy,success,Integrations,https://clawhub.ai/actuallymentor/skills/tpn-proxy,19278,
chief-creative-officer,success,Creative,https://clawhub.ai/alvinecarn/skills/chief-creative-officer,10114,
afrexai-cybersecurity-engine,success,Security,https://clawhub.ai/1kalin/skills/afrexai-cybersecurity-engine,33791,
doc,success,Other,https://clawhub.ai/flywhale-666/skills/doc,4297,
minimalist-design-system,success,Creative,https://clawhub.ai/wsc1231231/skills/minimalist-design-system,5273,
simple-memory-skill,success,Agents,https://clawhub.ai/shianaixuexi-cell/skills/simple-memory-skill,11779,
chart-generator-2-0-0,success,Other,https://clawhub.ai/kongbai233/skills/chart-generator-2-0-0,4764,
feed-digest,success,Research,https://clawhub.ai/odysseus0/skills/feed-digest,3124,
cloud-architect,success,Creative,https://clawhub.ai/lhwa8685/skills/cloud-architect,5081,
github-development-standard,success,Development,https://clawhub.ai/sonicbotman/skills/github-development-standard,4470,
story-long-write,success,Other,https://clawhub.ai/worldwonderer/skills/story-long-write,76768,
clawhub-jira-pat-skill,success,Productivity,https://clawhub.ai/dejanb/skills/clawhub-jira-pat-skill,6034,
compress,success,Other,https://clawhub.ai/ivangdavila/skills/compress,3830,
cron-worker-guardrails,success,Automation,https://clawhub.ai/phenomenoner/skills/cron-worker-guardrails,4913,
workflow-decomposer,success,Automation,https://clawhub.ai/lpj18337105261/skills/workflow-decomposer,6114,
database-admin,success,Integrations,https://clawhub.ai/ericyang1234/skills/database-admin,4164,
node-red-manager,success,Automation,https://clawhub.ai/1999azzar/skills/node-red-manager,4148,
xml-reader,success,Other,https://clawhub.ai/datadrivenconstruction/skills/xml-reader,9602,
text-to-sql,success,Integrations,https://clawhub.ai/wangjipeng977/skills/text-to-sql,7396,
self-integration,success,Integrations,https://clawhub.ai/bratchenko/skills/self-integration,10586,
productivity-improving,success,Productivity,https://clawhub.ai/harrylabsj/skills/productivity-improving,6175,
text-game-arcade-universe-v3,success,Lifestyle,https://clawhub.ai/52yuanchangxing/skills/text-game-arcade-universe-v3,9990,
expanso-csv-to-json,success,Integrations,https://clawhub.ai/aronchick/skills/expanso-csv-to-json,2182,
alibaba-quark-scan,success,Creative,https://clawhub.ai/yescan-ai/skills/alibaba-quark-scan,14172,
news-sentiment-scan,success,Communication,https://clawhub.ai/jackpipipi/skills/news-sentiment-scan,6668,
ziptax,success,Development,https://clawhub.ai/ericlakich/skills/ziptax,3533,
wenxiang-2d5-banner,success,Other,https://clawhub.ai/icesumer-lgtm/skills/wenxiang-2d5-banner,7180,
deepseek-chat,success,Integrations,https://clawhub.ai/bseye520/skills/deepseek-chat,1805,
travel-assistant,success,Lifestyle,https://clawhub.ai/heidi1998/skills/travel-assistant,4570,
build-game,success,Lifestyle,https://clawhub.ai/kewang0622/skills/build-game,25036,
story-short-write,success,Other,https://clawhub.ai/worldwonderer/skills/story-short-write,37862,
glitch-dashboard,success,Productivity,https://clawhub.ai/chris6970barbarian-hue/skills/glitch-dashboard,3153,
analyze-video-by-qwen,success,Creative,https://clawhub.ai/fackee/skills/analyze-video-by-qwen,3475,
doubao-chat,success,Integrations,https://clawhub.ai/bseye520/skills/doubao-chat,1657,
hugo-blog-publisher,success,Development,https://clawhub.ai/tanteng/skills/hugo-blog-publisher,5691,
beware-piper-tts,success,Communication,https://clawhub.ai/bewareofddog/skills/beware-piper-tts,3481,
comfyui-painter,success,Creative,https://clawhub.ai/zeron-g/skills/comfyui-painter,6672,
zhuchenggong-doubao-image-gen,success,Creative,https://clawhub.ai/zhuchenggong19851114-design/skills/zhuchenggong-doubao-image-gen,3134,
notioncli,success,Integrations,https://clawhub.ai/jordancoin/skills/notioncli,12655,
dogecoin-node,success,Other,https://clawhub.ai/greatape42069/skills/dogecoin-node,12525,
join-meeting,already_exists,,,98880,
queue-task,success,Automation,https://clawhub.ai/moodykong/skills/queue-task,2920,
tarot-reader,success,Other,https://clawhub.ai/15028191702/skills/tarot-reader,3669,
ai-image-generation-prompts-9142af54,success,Creative,https://clawhub.ai/starpixel89-svg/skills/ai-image-generation-prompts-9142af54,2183,
cloud-infra-automation,success,Automation,https://clawhub.ai/sunshine-del-ux/skills/cloud-infra-automation,2233,
claude-code-delegate,success,Development,https://clawhub.ai/chenhab03/skills/claude-code-delegate,8603,
openai-whisper-1-0-0,success,Creative,https://clawhub.ai/czubi1928/skills/openai-whisper-1-0-0,1793,
sovereign-aws-cost-optimizer,success,Operations,https://clawhub.ai/ryudi84/skills/sovereign-aws-cost-optimizer,1992,
lite-sqlite,success,Integrations,https://clawhub.ai/omprasad122007-rgb/skills/lite-sqlite,12171,
neural-memory-enhanced,success,Agents,https://clawhub.ai/zhuyu28/skills/neural-memory-enhanced,7637,
claude,success,Agents,https://clawhub.ai/duclawbot/skills/claude,6619,
free-weather-api,success,Lifestyle,https://clawhub.ai/congwupiece/skills/free-weather-api,8166,
report-summary-builder,success,Productivity,https://clawhub.ai/bounding-elk/skills/report-summary-builder,4277,
openclaw-linear,success,Integrations,https://clawhub.ai/cipher-shad0w/skills/openclaw-linear,7521,
json-repair-kit,success,Integrations,https://clawhub.ai/wanng-ide/skills/json-repair-kit,2873,
sequential-read,success,Other,https://clawhub.ai/horace-claw/skills/sequential-read,10276,
archive,success,Research,https://clawhub.ai/ivangdavila/skills/archive,4647,
write-my-blog,success,Integrations,https://clawhub.ai/harshraj001/skills/write-my-blog,6279,
feed-to-md,success,Research,https://clawhub.ai/myx0m0p/skills/feed-to-md,3408,
live-stream-script,success,Lifestyle,https://clawhub.ai/ckchzh/skills/live-stream-script,3266,
word-docx-1-02,success,Knowledge,https://clawhub.ai/cm1173710210/skills/word-docx-1-02,8766,
generate-mindmap,success,Knowledge,https://clawhub.ai/ftois/skills/generate-mindmap,9636,
bilibili-helper,success,Creative,https://clawhub.ai/ckchzh/skills/bilibili-helper,2893,
jlc-eda-drawing,success,Automation,https://clawhub.ai/boboabw/skills/jlc-eda-drawing,6039,
toby-productivity-helper-4,success,Productivity,https://clawhub.ai/tobeyrebecca/skills/toby-productivity-helper-4,2160,
google-fonts,success,Other,https://clawhub.ai/ivangdavila/skills/google-fonts,4148,
agent-commercial-contract,success,Other,https://clawhub.ai/zhenstaff/skills/agent-commercial-contract,12665,
vue-component-generator,success,Development,https://clawhub.ai/sunshine-del-ux/skills/vue-component-generator,3380,
write-a-skill,success,Other,https://clawhub.ai/liyafeichina/skills/write-a-skill,4424,
ws-calendar,success,Productivity,https://clawhub.ai/fhbillwer/skills/ws-calendar,1712,
memory-compress,success,Agents,https://clawhub.ai/linglin6/skills/memory-compress,6800,
text-to-speech-heygen,success,Creative,https://clawhub.ai/michaelwang11394/skills/text-to-speech-heygen,11870,
remix-api-key-auth,success,Integrations,https://clawhub.ai/chuckstock/skills/remix-api-key-auth,2402,
json-linter,success,Integrations,https://clawhub.ai/wanng-ide/skills/json-linter,2471,
figma-2,success,Creative,https://clawhub.ai/paul-leo/skills/figma-2,8222,
expanso-json-validate,success,Integrations,https://clawhub.ai/aronchick/skills/expanso-json-validate,2203,
python-data-analysis,success,Integrations,https://clawhub.ai/hikaruhuimin/skills/python-data-analysis,2320,
meeting-note,success,Productivity,https://clawhub.ai/mikonos/skills/meeting-note,9478,
solo-build,success,Automation,https://clawhub.ai/fortunto2/skills/solo-build,19360,
powerpoint-pptx-1-0-1,success,Productivity,https://clawhub.ai/gyzx/skills/powerpoint-pptx-1-0-1,8001,
namecheap-dns,success,Operations,https://clawhub.ai/jarekbird/skills/namecheap-dns,9482,
graph-advocate,success,Integrations,https://clawhub.ai/paulieb14/skills/graph-advocate,16430,
moltbook-filter,success,Other,https://clawhub.ai/ymode/skills/moltbook-filter,6571,
magic-api-generate,success,Integrations,https://clawhub.ai/webx32/skills/magic-api-generate,7464,
api-integration,success,Integrations,https://clawhub.ai/alsoforever/skills/api-integration,3787,
ollama-integration,success,Integrations,https://clawhub.ai/yrtrya5790343/skills/ollama-integration,1921,
solo-audit,success,Knowledge,https://clawhub.ai/fortunto2/skills/solo-audit,5204,
iris-code-formatter,success,Development,https://clawhub.ai/yaoxin521123/skills/iris-code-formatter,13569,
work,success,Productivity,https://clawhub.ai/ivangdavila/skills/work,3861,
feishu-doc-write,success,Knowledge,https://clawhub.ai/sunnyyao2222-eng/skills/feishu-doc-write,10842,
password-gen-pro,success,Security,https://clawhub.ai/mkpareek0315/skills/password-gen-pro,14650,
whatsapp-image-send,success,Creative,https://clawhub.ai/seekeyl/skills/whatsapp-image-send,2195,
cashu-emoji,already_exists,,,3963,
rss-fetcher,success,Research,https://clawhub.ai/noah-1106/skills/rss-fetcher,12100,
blog-seo-writer,success,Productivity,https://clawhub.ai/huajianjiu000/skills/blog-seo-writer,3185,
solo-validate,success,Research,https://clawhub.ai/fortunto2/skills/solo-validate,13116,
expanso-log-sanitize,success,Other,https://clawhub.ai/aronchick/skills/expanso-log-sanitize,2260,
volcengine-network-dns,success,Other,https://clawhub.ai/cinience/skills/volcengine-network-dns,2173,
merge-check,success,Development,https://clawhub.ai/tag-assistant/skills/merge-check,6926,
personal-health-manager,success,Lifestyle,https://clawhub.ai/welliu/skills/personal-health-manager,13167,
kyaukyuai-linear-cli,success,Automation,https://clawhub.ai/kyaukyuai/skills/kyaukyuai-linear-cli,11837,
shop-culture,success,Lifestyle,https://clawhub.ai/bythecult/skills/shop-culture,24053,
aws-wechat-article-writing,success,Creative,https://clawhub.ai/aiworkskills/skills/aws-wechat-article-writing,25887,
okx-dex-token,success,Finance,https://clawhub.ai/ok-james-01/skills/okx-dex-token,11253,
json-formatter,success,Integrations,https://clawhub.ai/honestqiao/skills/json-formatter,1909,
manage-liquidity,success,Other,https://clawhub.ai/wpank/skills/manage-liquidity,10721,
expanso-json-to-yaml,success,Integrations,https://clawhub.ai/aronchick/skills/expanso-json-to-yaml,2198,
mac-system-control,success,Other,https://clawhub.ai/dlutwuwei/skills/mac-system-control,5322,
password-generator,success,Security,https://clawhub.ai/yukin1218/skills/password-generator,2229,
company-search-fengniao,success,Research,https://clawhub.ai/xinshu001/skills/company-search-fengniao,7211,
toby-productivity-helper-1,success,Productivity,https://clawhub.ai/tobeyrebecca/skills/toby-productivity-helper-1,2160,
data-format-converter,success,Integrations,https://clawhub.ai/honestqiao/skills/data-format-converter,2221,
safe-encryption-skill,success,Other,https://clawhub.ai/grittygrease/skills/safe-encryption-skill,58758,
v2ray-proxy,success,Other,https://clawhub.ai/felixqian4160/skills/v2ray-proxy,2918,
expanso-xml-to-json,success,Integrations,https://clawhub.ai/aronchick/skills/expanso-xml-to-json,2201,
web-vulnerability-assessment,success,Security,https://clawhub.ai/krishnakumarmahadevan-cmd/skills/web-vulnerability-assessment,11056,
podcast-downloader,success,Creative,https://clawhub.ai/zymclaw/skills/podcast-downloader,3693,
story-long-analyze,success,Other,https://clawhub.ai/worldwonderer/skills/story-long-analyze,27640,
