"slug","category","status","github_url","raw_url","file_size"
"self-improving-agent","Agents","success","https://github.com/pskoett/pskoett-ai-skills/skills/self-improvement/SKILL.md","https://raw.githubusercontent.com/pskoett/pskoett-ai-skills/main/skills/self-improvement/SKILL.md","19951"
"skill-vetter","Security","no_github_url","","","0"
"self-improving","Agents, Knowledge","no_github_url","","","0"
"gog","Communication","no_github_url","","","0"
"ontology","Agents, Knowledge, Productivity","no_github_url","","","0"
"github","Integrations","no_github_url","","","0"
"proactive-agent","Productivity","no_github_url","","","0"
"multi-search-engine","Security, Integrations","no_github_url","","","0"
"weather","Lifestyle","no_github_url","","","0"
"humanizer","Other","no_github_url","","","0"
"agent-browser-clawdbot","Research, Automation","raw_download_failed","https://github.com/vercel-labs/agent-browser/SKILL.md","","0"
"admapix","Agents, Creative, Research","no_github_url","","","0"
"obsidian","Automation","no_github_url","","","0"
"auto-updater","Automation","no_github_url","","","0"
"skill-creator","Knowledge","no_github_url","","","0"
"api-gateway","Integrations","success","https://github.com/maton-ai/api-gateway-skill/SKILL.md","https://raw.githubusercontent.com/maton-ai/api-gateway-skill/main/SKILL.md","68428"
"notion","Productivity","no_github_url","","","0"
"word-docx","Knowledge","no_github_url","","","0"
"openai-whisper","Creative","no_github_url","","","0"
"free-ride","Integrations","no_github_url","","","0"
"automation-workflows","Automation","no_github_url","","","0"
"excel-xlsx","Integrations","no_github_url","","","0"
"desktop-control","Automation","no_github_url","","","0"
"youtube-watcher","Creative","no_github_url","","","0"
"elite-longterm-memory","Agents, Development","no_github_url","","","0"
"clawddocs","Knowledge","no_github_url","","","0"
"slack","Communication","no_github_url","","","0"
"powerpoint-pptx","Productivity","no_github_url","","","0"
"markdown-converter","Creative, Knowledge, Integrations","no_github_url","","","0"
"browser-automation","Research, Automation","no_github_url","","","0"
"ui-ux-pro-max","Development","no_github_url","","","0"
"pdf","Knowledge","no_github_url","","","0"
"discord","Communication","no_github_url","","","0"
"brave-search","Research","no_github_url","","","0"
"docker-essentials","Development, Operations","no_github_url","","","0"
"frontend-design-3","Creative","no_github_url","","","0"
"diagram-generator","Creative","no_github_url","","","0"
"git-essentials","Development","raw_download_failed","https://github.com/user/repo/SKILL.md","","0"
"code","Development","no_github_url","","","0"
"productivity","Agents","no_github_url","","","0"
"security-auditor","Security, Development","no_github_url","","","0"
"neosoul-decision-agent","Agents","no_github_url","","","0"
"nano-pdf","Knowledge","no_github_url","","","0"
"bilibili-all-in-one","Creative","raw_download_failed","https://github.com/wscats/bilibili-all-in-one/SKILL.md","","0"
"university-applications","Finance","no_github_url","","","0"
"code-analysis-skills","Development","success","https://github.com/Wscats/code-analysis-skills/SKILL.md","https://raw.githubusercontent.com/Wscats/code-analysis-skills/main/SKILL.md","17759"
"calendar","Productivity","no_github_url","","","0"
"smart-weekly-report","Productivity","no_github_url","","","0"
"interview-simulator","Other","no_github_url","","","0"
"baidu-netdisk-skills","Agents","no_github_url","","","0"
"sql-toolkit","Integrations","no_github_url","","","0"
"image","Productivity","no_github_url","","","0"
"telegram","Integrations","no_github_url","","","0"
"resume-assistant","Development","success","https://github.com/Wscats/resume-assistant/SKILL.md","https://raw.githubusercontent.com/Wscats/resume-assistant/main/SKILL.md","19026"
"t-trading","Finance","no_github_url","","","0"
"cron-mastery","Automation","no_github_url","","","0"
"juejin-skills","Other","raw_download_failed","https://github.com/wscats/juejin/SKILL.md","","0"
"who-is-actor","Development","success","https://github.com/wscats/who-is-actor/SKILL.md","https://raw.githubusercontent.com/wscats/who-is-actor/main/SKILL.md","49639"
"github-api","Integrations, Development","no_github_url","","","0"
"weiyun-skills","Integrations","no_github_url","","","0"
"qq-zone-photo","Operations","no_github_url","","","0"
"video-frames","Creative","no_github_url","","","0"
"google-search","Research","no_github_url","","","0"
"git","Development","no_github_url","","","0"
"memory","Agents","no_github_url","","","0"
"email-daily-summary","Communication","no_github_url","","","0"
"ui-ux-design","Creative","no_github_url","","","0"
"web-content-fetcher","Other","no_github_url","","","0"
"google-workspace-mcp","Communication","no_github_url","","","0"
"news-aggregator","Research","no_github_url","","","0"
"docker","Operations, Development","no_github_url","","","0"
"pipedrive-api","Integrations, Productivity","no_github_url","","","0"
"linear","Other","raw_download_failed","https://github.com/schpet/linear-cli/SKILL.md","","0"
"linear-api","Integrations","no_github_url","","","0"
"in-depth-research","Research","no_github_url","","","0"
"notion-skill","Productivity","no_github_url","","","0"
"ws-agent-browser","Automation","no_github_url","","","0"
"social-media-scheduler","Communication","no_github_url","","","0"
"finance","Finance","no_github_url","","","0"
"subagent-driven-development","Agents","no_github_url","","","0"
"python","Development","no_github_url","","","0"
"cctv-news-fetcher","Research","no_github_url","","","0"
"git-workflows","Development","raw_download_failed","https://github.com/other/repo/SKILL.md","","0"
"web-browsing","Research","no_github_url","","","0"
"security-audit","Security","no_github_url","","","0"
"translate","Other","no_github_url","","","0"
"ai-agent-helper","Agents, Productivity","no_github_url","","","0"
"web","Development","no_github_url","","","0"
"markdown","Other","no_github_url","","","0"
"security-scanner","Security","no_github_url","","","0"
"ui-audit","Other","no_github_url","","","0"
"reminder","Automation","no_github_url","","","0"
"figma","Knowledge","no_github_url","","","0"
"notion-api-skill","Integrations, Productivity","no_github_url","","","0"
"markdown-converter-compdf","Knowledge","no_github_url","","","0"
"data-analyst-pro","Integrations","no_github_url","","","0"
"writing-assistant","Productivity","no_github_url","","","0"
"mcporter","Other","no_github_url","","","0"
"jira","Productivity","raw_download_failed","https://github.com/ankitpokhrel/jira-cli/SKILL.md","","0"
"feishu-doc","Knowledge","no_github_url","","","0"
"personal-productivity","Productivity","no_github_url","","","0"
"agent-browser-stagehand","Research, Automation","no_github_url","","","0"
"explain-code","Development","no_github_url","","","0"
"email-gmail-outlook","Communication","no_github_url","","","0"
"multi-search-engine-simple","Research","no_github_url","","","0"
"shadcn-ui","Other","no_github_url","","","0"
"automation-workflows-0-1-0","Automation","no_github_url","","","0"
"rss-ai-reader","Communication, Research","raw_download_failed","https://github.com/sponsors/BENZEMA216/SKILL.md","","0"
"python-dataviz","Other","no_github_url","","","0"
"kubernetes","Operations","no_github_url","","","0"
"automate-excel","Automation, Integrations","no_github_url","","","0"
"cron","Automation","no_github_url","","","0"
"file-organizer-zh","Other","no_github_url","","","0"
"bailian-web-search","Research","no_github_url","","","0"
"ai-image-gen","Creative","no_github_url","","","0"
"hot-news-aggregator","Research","no_github_url","","","0"
"smart-model-switching","Development","no_github_url","","","0"
"news","Research","no_github_url","","","0"
"job-auto-apply","Research","no_github_url","","","0"
"javascript-skills","Development","no_github_url","","","0"
"feishu-calendar","Productivity","no_github_url","","","0"
"stagehand-browser-cli","Research, Automation","no_github_url","","","0"
"the-news","Research","no_github_url","","","0"
"knowledge-graph","Integrations","no_github_url","","","0"
"agent-browser-cli","Research, Automation","no_github_url","","","0"
"slack-api","Integrations, Automation","no_github_url","","","0"
"discord-voice","Communication","no_github_url","","","0"
"rss-reader","Research","no_github_url","","","0"
"jira-api","Integrations, Productivity","no_github_url","","","0"
"blog-writer","Productivity","no_github_url","","","0"
"finance-report-analyzer","Finance","no_github_url","","","0"
"task","Productivity","no_github_url","","","0"
"git-helper","Development","no_github_url","","","0"
"sonoscli","Other","no_github_url","","","0"
"sqlite","Integrations","no_github_url","","","0"
"aws-infra","Agents","no_github_url","","","0"
"github-repos","Integrations","no_github_url","","","0"
"docker-sandbox","Operations","no_github_url","","","0"
"finance-radar","Finance","no_github_url","","","0"
"api","Integrations, Productivity","no_github_url","","","0"
"screen-monitor","Other","no_github_url","","","0"
"typescript-skills","Development","no_github_url","","","0"
"notion-pages","Productivity, Automation","no_github_url","","","0"
"agent","Other","no_github_url","","","0"
"ui-ux-pro-max-plus","Creative","no_github_url","","","0"
"amap-jsapi-skill","Security","no_github_url","","","0"
"slack-workspace","Communication, Automation","no_github_url","","","0"
"figma-design","Integrations","no_github_url","","","0"
"typescript","Development","no_github_url","","","0"
"market-news","Research","no_github_url","","","0"
"discord-chat","Communication","no_github_url","","","0"
"video","Creative","no_github_url","","","0"
"schedule","Automation","no_github_url","","","0"
"node-connect","Development","no_github_url","","","0"
"openclaw-dashboard","Integrations","no_github_url","","","0"
"social-sentiment","Research","no_github_url","","","0"
"paper-parse","Knowledge","no_github_url","","","0"
"ui-ux-pro-max-2","Creative, Research","no_github_url","","","0"
"discord-communities","Communication","no_github_url","","","0"
"discrawl","Integrations","no_github_url","","","0"
"gitcrawl","Research","no_github_url","","","0"
"notcrawl","Integrations, Productivity","no_github_url","","","0"
"slacrawl","Integrations","no_github_url","","","0"
"graincrawl","Integrations","no_github_url","","","0"
"rss-digest","Research","raw_download_failed","https://github.com/odysseus0/feed/SKILL.md","","0"
"web-learner","Research, Knowledge","no_github_url","","","0"
"csv","Integrations","no_github_url","","","0"
"openai-ai","Creative","no_github_url","","","0"
"domain-dns-ops","Other","no_github_url","","","0"
"parallel-ai-research","Research","no_github_url","","","0"
"health","Lifestyle","no_github_url","","","0"
"finance-accounting","Finance","no_github_url","","","0"
"learn-cog","Knowledge","no_github_url","","","0"
"read-github","Research, Development","raw_download_failed","https://github.com/karpathy/llm-council/SKILL.md","","0"
"communication-skill","Productivity","no_github_url","","","0"
"py","Other","no_github_url","","","0"
"data-analyst-cn","Integrations","no_github_url","","","0"
"ace-music","Creative","no_github_url","","","0"
"lh-video-gen","Creative","raw_download_failed","https://github.com/liuhedev/lh-openclaw-kit/SKILL.md","","0"
"music-generation-cellcog","Creative","no_github_url","","","0"
"tts-whatsapp","Creative, Communication","raw_download_failed","https://github.com/clawdbot/clawdhub/SKILL.md","","0"
"obsidian-official-cli","Integrations","no_github_url","","","0"
"sql","Integrations","no_github_url","","","0"
"afrexai-business-automation","Automation","no_github_url","","","0"
"design","Creative","no_github_url","","","0"
"auto-workflow","Automation","no_github_url","","","0"
"timer","Communication","no_github_url","","","0"
"task-planner","Productivity","raw_download_failed","https://github.com/bytesagain/ai-skills/SKILL.md","","0"
"workflow","Automation","no_github_url","","","0"
"dns-networking","Development","no_github_url","","","0"
"brainz-calendar","Productivity","no_github_url","","","0"
"k8s","Operations","no_github_url","","","0"
"whatsapp-styling-guide","Communication","no_github_url","","","0"
"java","Other","no_github_url","","","0"
"music-generation","Creative","no_github_url","","","0"
"automation-workflow-builder","Automation","no_github_url","","","0"
"assistant","Lifestyle","no_github_url","","","0"
"feishu-card","Communication","no_github_url","","","0"
"vue","Integrations","no_github_url","","","0"
"auto-monitor","Operations","no_github_url","","","0"
"token-manager","Other","no_github_url","","","0"
"security","Security","no_github_url","","","0"
"ws-excel","Integrations","no_github_url","","","0"
"macro-monitor","Automation","no_github_url","","","0"
"linear-skill","Integrations","success","https://github.com/MaTriXy/linear-skill/SKILL.md","https://raw.githubusercontent.com/MaTriXy/linear-skill/main/SKILL.md","3728"
"docker-ctl","Operations","no_github_url","","","0"
"apple-health-skill","Lifestyle","no_github_url","","","0"
"logo-brand-identity-cellcog","Creative","no_github_url","","","0"
"excel-formula","Knowledge, Integrations, Development","raw_download_failed","https://github.com/bytesagain/ai-skills/SKILL.md","","0"
"productivity-bot","Automation, Integrations","no_github_url","","","0"
"discord-hub","Integrations","no_github_url","","","0"
"game-asset-generation-cellcog","Creative, Lifestyle","no_github_url","","","0"
"scrape-web","Research","no_github_url","","","0"
"smart-auto-updater","Other","no_github_url","","","0"
"javascript","Development","no_github_url","","","0"
"social","Communication","raw_download_failed","https://github.com/geeks-accelerator/in-bed-ai/SKILL.md","","0"
"secure-api-calls","Integrations","success","https://github.com/interagentic/keychains.dev_skill/SKILL.md","https://raw.githubusercontent.com/interagentic/keychains.dev_skill/main/SKILL.md","161771"
"browser-automation-v2","Research, Automation","no_github_url","","","0"
"aws","Operations","no_github_url","","","0"
"video-translator","Creative","no_github_url","","","0"
"free-web-search","Research","no_github_url","","","0"
"azure-infra","Agents","no_github_url","","","0"
"tailwindcss","Creative","no_github_url","","","0"
"clawdbot-jira-skill","Integrations, Productivity","no_github_url","","","0"
"ping-monitor","Lifestyle","no_github_url","","","0"
"x-timeline-digest","Communication","no_github_url","","","0"
"internet-search","Research","no_github_url","","","0"
"mongodb","Integrations","no_github_url","","","0"
"code-quality","Development","no_github_url","","","0"
"openclaw-automation-recipes","Automation","no_github_url","","","0"
"office-automation-pro","Automation, Communication, Knowledge","no_github_url","","","0"
"agentic-security-audit","Security, Agents","no_github_url","","","0"
"redis-store","Agents","no_github_url","","","0"
"kubernetes-devops","Operations","no_github_url","","","0"
"azure-cli","Development","raw_download_failed","https://github.com/Azure/azure-cli/SKILL.md","","0"
"anyone-proxy","Other","no_github_url","","","0"
"dashboard","Other","no_github_url","","","0"
"music","Lifestyle","no_github_url","","","0"
"feishu-send-file","Communication, Creative","no_github_url","","","0"
"local-file-rag-basic","Knowledge","no_github_url","","","0"
"api-generator","Integrations","raw_download_failed","https://github.com/bytesagain/ai-skills/SKILL.md","","0"
"browser-automation-cdp","Automation, Research","no_github_url","","","0"
"searching-assistant","Research","no_github_url","","","0"
"miniprogram-development","Other","no_github_url","","","0"
"upstage-document-parse","Knowledge","no_github_url","","","0"
"whatsapp-ultimate","Integrations","raw_download_failed","https://github.com/globalcaos/tinkerclaw/SKILL.md","","0"
"test","Finance","no_github_url","","","0"
"obsidian-1-0-0","Automation","no_github_url","","","0"
"news-feed","Research","no_github_url","","","0"
"whatsapp-styler","Communication","no_github_url","","","0"
"obsidian-notesmd-cli","Automation","no_github_url","","","0"
"json","Integrations","no_github_url","","","0"
"rust","Other","no_github_url","","","0"
"diagram","Other","no_github_url","","","0"
"file","Other","no_github_url","","","0"
"clawprint","Other","raw_download_failed","https://github.com/clawprint-io/open-agents/SKILL.md","","0"
"db","Integrations","no_github_url","","","0"
"csv-handler","Integrations","no_github_url","","","0"
"game-theory","Lifestyle","success","https://github.com/tedkaczynski-the-bot/game-theory/SKILL.md","https://raw.githubusercontent.com/tedkaczynski-the-bot/game-theory/main/SKILL.md","10611"
"clawsec-feed","Automation","raw_download_failed","https://github.com/prompt-security/clawsec/SKILL.md","","0"
"ai-podcast","Creative","no_github_url","","","0"
"game-developer-skill","Lifestyle","no_github_url","","","0"
"elite-longterm-memory-local","Agents","no_github_url","","","0"
"monitor","Other","no_github_url","","","0"
"word","Other","no_github_url","","","0"
"css","Other","no_github_url","","","0"
"claude-code-runner","Development","raw_download_failed","https://github.com/lhl09120/claude-code-runner-en/SKILL.md","","0"
"telegram-messaging","Communication, Automation","no_github_url","","","0"
"visual-file-sorter","Other","no_github_url","","","0"
"anthropics-frontend-design","Creative","no_github_url","","","0"
"agent-knowledge","Research","no_github_url","","","0"
"video-producer","Creative","no_github_url","","","0"
"universal-translate","Development","no_github_url","","","0"
"openclaw-cron-setup","Automation","no_github_url","","","0"
"gif-whatsapp","Research","no_github_url","","","0"
"email-163-com","Communication","no_github_url","","","0"
"whatsapp-messaging","Communication, Automation","no_github_url","","","0"
"ui-ux-dev","Creative","no_github_url","","","0"
"elite-frontend-design","Creative","no_github_url","","","0"
"mermaid-diagram","Development","no_github_url","","","0"
"baoyu-format-markdown","Development","raw_download_failed","https://github.com/JimLiu/baoyu-skills/SKILL.md","","0"
"monad-development","Other","no_github_url","","","0"
"html","Other","no_github_url","","","0"
"quant-data-quality","Productivity","no_github_url","","","0"
"azure-ai-voicelive-py","Creative","no_github_url","","","0"
"generate-presentation","Knowledge","no_github_url","","","0"
"ctxly-chat","Other","no_github_url","","","0"
"podcast","Creative","no_github_url","","","0"
"learn","Knowledge","no_github_url","","","0"
"chromecast-control","Creative","raw_download_failed","https://github.com/skorokithakis/catt/SKILL.md","","0"
"shopify-helper","Other","raw_download_failed","https://github.com/bytesagain/ai-skills/SKILL.md","","0"
"excel-studio","Integrations","no_github_url","","","0"
"agent-framework-azure-ai-py","Research, Development","no_github_url","","","0"
"data-analysis-litiao","Integrations","no_github_url","","","0"
"totalreclaw","Agents, Operations","raw_download_failed","https://github.com/p-diogo/totalreclaw/SKILL.md","","0"
"azure-ai-transcription-py","Creative","no_github_url","","","0"
"smart-memory-manager","Agents","no_github_url","","","0"
"telegram-bot-builder","Integrations, Communication, Automation","no_github_url","","","0"
"reddit-research","Integrations","no_github_url","","","0"
"rss-aggregator","Research","no_github_url","","","0"
"report","Other","no_github_url","","","0"
"tardis","Other","no_github_url","","","0"
"bookmark-intelligence","Communication","no_github_url","","","0"
"financial-literacy","Finance","no_github_url","","","0"
"powerpoint","Other","no_github_url","","","0"
"azure-devops","Productivity","no_github_url","","","0"
"flexible-database-design","Integrations, Knowledge","no_github_url","","","0"
"pandoc-convert-openclaw","Knowledge","no_github_url","","","0"
"token-layer","Operations","no_github_url","","","0"
"dlazy-audio-generate","Creative","raw_download_failed","https://github.com/dlazyai/cli/SKILL.md","","0"
"clawcall","Integrations","no_github_url","","","0"
"file-auto-organizer","Other","no_github_url","","","0"
"daily-report-writer","Productivity","no_github_url","","","0"
"analyze","Development","no_github_url","","","0"
"cloud-storage","Other","no_github_url","","","0"
"popeye-productivity","Knowledge","no_github_url","","","0"
"dlazy-generate","Creative","raw_download_failed","https://github.com/dlazyai/cli/SKILL.md","","0"
"claude-tmux","Development","no_github_url","","","0"
"ui","Creative","no_github_url","","","0"
"cloud","Integrations","no_github_url","","","0"
"encoding-formats","Integrations","no_github_url","","","0"
"compress-pdf","Knowledge","no_github_url","","","0"
"cheat-code","Development","no_github_url","","","0"
"openclaw-reminder","Automation","no_github_url","","","0"
"markdown-exporter","Integrations","success","https://github.com/bowenliang123/markdown-exporter/SKILL.md","https://raw.githubusercontent.com/bowenliang123/markdown-exporter/main/SKILL.md","18235"
"use-my-browser","Research","no_github_url","","","0"
"multi-source-research","Research","no_github_url","","","0"
"go","Development","no_github_url","","","0"
"word-docx-1","Knowledge","no_github_url","","","0"
"context-driven-development","Knowledge","no_github_url","","","0"
"encrypted-docs","Integrations, Security","no_github_url","","","0"
"mongodb-atlas-admin","Integrations","no_github_url","","","0"
"azure","Operations","no_github_url","","","0"
"vector-control","Integrations","no_github_url","","","0"
"code-1-0-4","Development","no_github_url","","","0"
"verify-claims","Research","no_github_url","","","0"
"research-agent","Research","no_github_url","","","0"
"agentvibes-openclaw-skill","Creative","no_github_url","","","0"
"write","Other","no_github_url","","","0"
"dns-lookup","Other","no_github_url","","","0"
"dingtalk-calendar","Productivity","no_github_url","","","0"
"rss-feed-digest","Research","no_github_url","","","0"
"firewall","Security","no_github_url","","","0"
"go-security-vulnerability","Security","no_github_url","","","0"
"email-skill","Communication","no_github_url","","","0"
"note","Productivity","no_github_url","","","0"
"azure-proxy","Integrations","no_github_url","","","0"
"chat","Other","no_github_url","","","0"
"aegis-security","Security","no_github_url","","","0"
"moltblock","Security","raw_download_failed","https://github.com/moltblock/moltblock/SKILL.md","","0"
"creator-alpha-feed","Communication","no_github_url","","","0"
"java-development-manual","Development","no_github_url","","","0"
"ui-ux","Creative","no_github_url","","","0"
"html-coder","Creative","raw_download_failed","https://github.com/jhauga/clawHub-skills/SKILL.md","","0"
"aws-agentcore-langgraph","Agents, Operations","raw_download_failed","https://github.com/aws/bedrock-agentcore-starter-toolkit/SKILL.md","","0"
"knowledge","Knowledge","no_github_url","","","0"
"linear-autopilot","Automation, Creative","no_github_url","","","0"
"stock-filter-skills","Finance","no_github_url","","","0"
"knowledge-capture","Knowledge, Productivity","no_github_url","","","0"
"grok-image-generate","Creative","no_github_url","","","0"
"agent-chat","Other","success","https://github.com/Olafs-World/agent-chat/SKILL.md","https://raw.githubusercontent.com/Olafs-World/agent-chat/main/SKILL.md","3871"
"netpad","Integrations","no_github_url","","","0"
"vpn","Security","no_github_url","","","0"
"control-ikea-lightbulb","Other","no_github_url","","","0"
"note-taker","Productivity","raw_download_failed","https://github.com/bytesagain/ai-skills/SKILL.md","","0"
"git-cli","Development","no_github_url","","","0"
"bsession","Research, Automation","raw_download_failed","https://github.com/gaxxx/bsession/SKILL.md","","0"
"can","Integrations","success","https://github.com/xccx/can/SKILL.md","https://raw.githubusercontent.com/xccx/can/main/SKILL.md","4923"
"solo-research","Research","raw_download_failed","https://github.com/praw-dev/praw/SKILL.md","","0"
"vpn-rotate-skill","Integrations","no_github_url","","","0"
"excel-pro","Integrations","no_github_url","","","0"
"agent-group","Other","no_github_url","","","0"
"professional-communication","Communication","no_github_url","","","0"
"ai-news","Research","no_github_url","","","0"
"trade-with-taro","Other","no_github_url","","","0"
"yaml","Other","no_github_url","","","0"
"html-designer","Creative, Productivity","raw_download_failed","https://github.com/jhauga/clawHub-skills/SKILL.md","","0"
"go-linter-configuration","Other","no_github_url","","","0"
"jinn-node","Other","raw_download_failed","https://github.com/Jinn-Network/jinn-node/SKILL.md","","0"
"bot-status-api-test","Integrations","no_github_url","","","0"
"control","Automation","no_github_url","","","0"
"tool-call-retry","Other","no_github_url","","","0"
"art","Other","no_github_url","","","0"
"key-guard","Integrations","no_github_url","","","0"
"docker-essentials-1-0-0","Development, Operations","no_github_url","","","0"
"drawing-analyzer","Automation","no_github_url","","","0"
"tool","Other","no_github_url","","","0"
"game","Lifestyle","no_github_url","","","0"
"pdf-processor-cn","Knowledge","no_github_url","","","0"
"slack-hub-skill","Communication","no_github_url","","","0"
"javascript-sdk","Development","no_github_url","","","0"
"openclaw-telegram-chat","Communication","no_github_url","","","0"
"agent-telegram","Communication","no_github_url","","","0"
"memory-scan","Agents","no_github_url","","","0"
"ux","Creative","no_github_url","","","0"
"moltbook-firewall","Security","no_github_url","","","0"
"go-to-market","Other","no_github_url","","","0"
"json-parser","Integrations","no_github_url","","","0"
"straker-verify","Security","success","https://github.com/strakergroup/straker-verify-openclaw/SKILL.md","https://raw.githubusercontent.com/strakergroup/straker-verify-openclaw/main/SKILL.md","4159"
"alephnet-node","Communication","no_github_url","","","0"
"calendar-skill","Productivity","no_github_url","","","0"
"daily-news-brief","Research","no_github_url","","","0"
"agent-bom-vulnerability-intel","Security","raw_download_failed","https://github.com/msaad00/agent-bom/SKILL.md","","0"
"photo-captions","Communication","no_github_url","","","0"
"note-processor","Integrations, Research","no_github_url","","","0"
"free-google-search-with-browser","Research","no_github_url","","","0"
"kai-tw-figma","Integrations","no_github_url","","","0"
"podcast-chaptering-highlights","Creative","no_github_url","","","0"
"api-doc-writer","Integrations","no_github_url","","","0"
"file-browser","Research","no_github_url","","","0"
"test-wa","Communication","no_github_url","","","0"
"translate-en-zh","Automation","no_github_url","","","0"
"vulnerability-scanner","Security","no_github_url","","","0"
"text","Other","no_github_url","","","0"
"tool-finder","Research","no_github_url","","","0"
"internet-search-pro","Research","no_github_url","","","0"
"tarot","Other","no_github_url","","","0"
"z-card-image","Communication, Creative","no_github_url","","","0"
"x-news-daily","Automation, Research","no_github_url","","","0"
"anygen-diagram-generator","Creative","raw_download_failed","https://github.com/AnyGenIO/anygen-skills/SKILL.md","","0"
"batch","Automation","no_github_url","","","0"
"ai-kujiale-design","Creative","no_github_url","","","0"
"thesis-helper","Research","raw_download_failed","https://github.com/bytesagain/ai-skills/SKILL.md","","0"
"github-trending-feed","Integrations","no_github_url","","","0"
"rho-telegram-alerts","Finance, Automation","no_github_url","","","0"
"api-development","Knowledge","no_github_url","","","0"
"chart","Integrations","no_github_url","","","0"
"encryption","Development","no_github_url","","","0"
"pentest-commands","Security","no_github_url","","","0"
"video-editing","Creative","no_github_url","","","0"
"cron-helper","Automation","no_github_url","","","0"
"calendar-reminder","Communication","no_github_url","","","0"
"vscode-node","Development","raw_download_failed","https://github.com/xiaoyaner-home/openclaw-vscode/SKILL.md","","0"
"free-weather-skill","Lifestyle","no_github_url","","","0"
"python3","Productivity","no_github_url","","","0"
"jellyfin-control","Research","no_github_url","","","0"
"postgres-job-queue","Integrations","no_github_url","","","0"
"search-2","Research","no_github_url","","","0"
"audio-upload-aioz-stream","Creative","no_github_url","","","0"
"csv-analyzer","Integrations","no_github_url","","","0"
"game-ai","Lifestyle","no_github_url","","","0"
"logo","Creative","no_github_url","","","0"
"book-painter","Other","no_github_url","","","0"
"mac-node-snapshot","Security","no_github_url","","","0"
"smart-model-routing-for-zai","Development","no_github_url","","","0"
"photo-webcam","Other","no_github_url","","","0"
"frontend-design","Other","no_github_url","","","0"
"logo-design-guide","Creative","no_github_url","","","0"
"powerpoint-pptx-cn","Productivity","no_github_url","","","0"
"china-news","Research","no_github_url","","","0"
"baoyu-diagram","Other","no_github_url","","","0"
"merge-pdf","Knowledge","no_github_url","","","0"
"pyx-scan","Integrations","no_github_url","","","0"
"xml","Other","no_github_url","","","0"
"ssl","Development","no_github_url","","","0"
"pptx-pdf-font-fix","Knowledge","no_github_url","","","0"
"aic-dashboard","Integrations","no_github_url","","","0"
"audit","Other","no_github_url","","","0"
"afrexai-knowledge-management","Knowledge","no_github_url","","","0"
"ui-component","Development","raw_download_failed","https://github.com/bytesagain/ai-skills/SKILL.md","","0"
"fonts","Other","no_github_url","","","0"
"ocean-chat","Operations","success","https://github.com/ryanbihai/ocean-chat/SKILL.md","https://raw.githubusercontent.com/ryanbihai/ocean-chat/main/SKILL.md","23067"
"knowledge-graph-skill","Development, Agents, Research","no_github_url","","","0"
"molted-work","Other","raw_download_failed","https://github.com/molted-work/molted-cli/SKILL.md","","0"
"data","Other","no_github_url","","","0"
"smart-cache","Other","no_github_url","","","0"
"java-code-reviewer","Development","no_github_url","","","0"
"git-workflow-cn","Development, Automation","no_github_url","","","0"
"postgres-mcp-skills","Integrations","no_github_url","","","0"
"document-pdf","Knowledge","no_github_url","","","0"
"video-upload-aioz-stream","Creative","no_github_url","","","0"
"json-canvas","Integrations","raw_download_failed","https://github.com/obsidianmd/jsoncanvas/SKILL.md","","0"
"dns","Communication","no_github_url","","","0"
"anthrovision-telegram-body-scan","Communication","no_github_url","","","0"
"plugin-architecture","Other","no_github_url","","","0"
"diagram-tools","Productivity","no_github_url","","","0"
"molt-board-art","Other","no_github_url","","","0"
"token-saver-skill","Agents","no_github_url","","","0"
"cdn","Security","no_github_url","","","0"
"sql-generator","Integrations","raw_download_failed","https://github.com/bytesagain/ai-skills/SKILL.md","","0"
"accounting-and-finance","Finance","no_github_url","","","0"
"weekly-report-writer","Productivity","no_github_url","","","0"
"tpn-proxy","Integrations","no_github_url","","","0"
"chief-creative-officer","Creative","no_github_url","","","0"
"afrexai-cybersecurity-engine","Security","no_github_url","","","0"
"doc","Other","no_github_url","","","0"
"minimalist-design-system","Creative, Development","no_github_url","","","0"
"simple-memory-skill","Agents","no_github_url","","","0"
"chart-generator-2-0-0","Other","raw_download_failed","https://github.com/bytesagain/ai-skills/SKILL.md","","0"
"feed-digest","Research","no_github_url","","","0"
"cloud-architect","Creative","no_github_url","","","0"
"github-development-standard","Development","raw_download_failed","https://github.com/SonicBotMan/github-development-standard/SKILL.md","","0"
"story-long-write","Other","raw_download_failed","https://github.com/worldwonderer/oh-story-claudecode/SKILL.md","","0"
"clawhub-jira-pat-skill","Productivity","no_github_url","","","0"
"compress","Other","no_github_url","","","0"
"cron-worker-guardrails","Automation","no_github_url","","","0"
"workflow-decomposer","Automation","no_github_url","","","0"
"database-admin","Integrations","no_github_url","","","0"
"node-red-manager","Automation, Operations","no_github_url","","","0"
"xml-reader","Other","no_github_url","","","0"
"text-to-sql","Integrations","raw_download_failed","https://github.com/MiniMax-AI/skills/SKILL.md","","0"
"self-integration","Integrations","no_github_url","","","0"
"productivity-improving","Productivity","no_github_url","","","0"
"text-game-arcade-universe-v3","Lifestyle","no_github_url","","","0"
"expanso-csv-to-json","Integrations","no_github_url","","","0"
"alibaba-quark-scan","Creative, Knowledge","no_github_url","","","0"
"news-sentiment-scan","Communication, Research","no_github_url","","","0"
"ziptax","Development","no_github_url","","","0"
"wenxiang-2d5-banner","Other","no_github_url","","","0"
"deepseek-chat","Integrations","no_github_url","","","0"
"travel-assistant","Lifestyle","no_github_url","","","0"
"build-game","Lifestyle","no_github_url","","","0"
"story-short-write","Other","raw_download_failed","https://github.com/worldwonderer/oh-story-claudecode/SKILL.md","","0"
"glitch-dashboard","Productivity, Operations","no_github_url","","","0"
"analyze-video-by-qwen","Creative","no_github_url","","","0"
"doubao-chat","Integrations","no_github_url","","","0"
"hugo-blog-publisher","Development","no_github_url","","","0"
"beware-piper-tts","Communication, Creative","raw_download_failed","https://github.com/rhasspy/piper/SKILL.md","","0"
"comfyui-painter","Creative","no_github_url","","","0"
"zhuchenggong-doubao-image-gen","Creative","no_github_url","","","0"
"notioncli","Integrations, Productivity","raw_download_failed","https://github.com/JordanCoin/notioncli/SKILL.md","","0"
"dogecoin-node","Other","raw_download_failed","https://github.com/dogecoin/dogecoin/SKILL.md","","0"
"join-meeting","Creative","success","https://github.com/pattern-ai-labs/agentcall/SKILL.md","https://raw.githubusercontent.com/pattern-ai-labs/agentcall/main/SKILL.md","98880"
"queue-task","Automation","no_github_url","","","0"
"tarot-reader","Other","no_github_url","","","0"
"ai-image-generation-prompts-9142af54","Creative","no_github_url","","","0"
"cloud-infra-automation","Automation","no_github_url","","","0"
"claude-code-delegate","Development","no_github_url","","","0"
"openai-whisper-1-0-0","Creative","no_github_url","","","0"
"sovereign-aws-cost-optimizer","Operations","no_github_url","","","0"
"lite-sqlite","Integrations","no_github_url","","","0"
"neural-memory-enhanced","Agents","raw_download_failed","https://github.com/nhadaututtheky/neural-memory/SKILL.md","","0"
"claude","Agents","no_github_url","","","0"
"free-weather-api","Lifestyle","no_github_url","","","0"
"report-summary-builder","Productivity","no_github_url","","","0"
"openclaw-linear","Integrations","raw_download_failed","https://github.com/schpet/linear-cli/SKILL.md","","0"
"json-repair-kit","Integrations","no_github_url","","","0"
"sequential-read","Other","no_github_url","","","0"
"archive","Research","no_github_url","","","0"
"write-my-blog","Integrations","no_github_url","","","0"
"feed-to-md","Research","no_github_url","","","0"
"live-stream-script","Lifestyle, Knowledge","raw_download_failed","https://github.com/bytesagain/ai-skills/SKILL.md","","0"
"word-docx-1-02","Knowledge","no_github_url","","","0"
"generate-mindmap","Knowledge","no_github_url","","","0"
"bilibili-helper","Creative","raw_download_failed","https://github.com/bytesagain/ai-skills/SKILL.md","","0"
"jlc-eda-drawing","Automation","no_github_url","","","0"
"toby-productivity-helper-4","Productivity","no_github_url","","","0"
"google-fonts","Other","no_github_url","","","0"
"agent-commercial-contract","Other","raw_download_failed","https://github.com/ZhenRobotics/agent-commercial-contract/SKILL.md","","0"
"vue-component-generator","Development","no_github_url","","","0"
"write-a-skill","Other","no_github_url","","","0"
"ws-calendar","Productivity","no_github_url","","","0"
"memory-compress","Agents","no_github_url","","","0"
"text-to-speech-heygen","Creative","no_github_url","","","0"
"remix-api-key-auth","Integrations","no_github_url","","","0"
"json-linter","Integrations","no_github_url","","","0"
"figma-2","Creative","no_github_url","","","0"
"expanso-json-validate","Integrations","no_github_url","","","0"
"python-data-analysis","Integrations","no_github_url","","","0"
"meeting-note","Productivity","no_github_url","","","0"
"solo-build","Automation","no_github_url","","","0"
"powerpoint-pptx-1-0-1","Productivity","no_github_url","","","0"
"namecheap-dns","Operations","no_github_url","","","0"
"graph-advocate","Integrations","raw_download_failed","https://github.com/PaulieB14/graph-advocate/SKILL.md","","0"
"moltbook-filter","Other","no_github_url","","","0"
"magic-api-generate","Integrations","raw_download_failed","https://github.com/ssssssss-team/magic-api/SKILL.md","","0"
"api-integration","Integrations","no_github_url","","","0"
"ollama-integration","Integrations","no_github_url","","","0"
"solo-audit","Knowledge","no_github_url","","","0"
"iris-code-formatter","Development","no_github_url","","","0"
"work","Productivity","no_github_url","","","0"
"feishu-doc-write","Knowledge","no_github_url","","","0"
"password-gen-pro","Security","no_github_url","","","0"
"whatsapp-image-send","Creative","no_github_url","","","0"
"cashu-emoji","Other","success","https://github.com/robwoodgate/cashu-emoji/SKILL.md","https://raw.githubusercontent.com/robwoodgate/cashu-emoji/main/SKILL.md","3963"
"rss-fetcher","Research, Lifestyle","no_github_url","","","0"
"blog-seo-writer","Productivity","no_github_url","","","0"
"solo-validate","Research","no_github_url","","","0"
"expanso-log-sanitize","Other","no_github_url","","","0"
"volcengine-network-dns","Other","no_github_url","","","0"
"merge-check","Development","no_github_url","","","0"
"personal-health-manager","Lifestyle","no_github_url","","","0"
"kyaukyuai-linear-cli","Automation","raw_download_failed","https://github.com/kyaukyuai/linear-cli/SKILL.md","","0"
"shop-culture","Lifestyle, Finance","no_github_url","","","0"
"aws-wechat-article-writing","Creative","raw_download_failed","https://github.com/aiworkskills/wechat-article-skills/SKILL.md","","0"
"okx-dex-token","Finance","no_github_url","","","0"
"json-formatter","Integrations","no_github_url","","","0"
"manage-liquidity","Other","no_github_url","","","0"
"expanso-json-to-yaml","Integrations","no_github_url","","","0"
"mac-system-control","Other","no_github_url","","","0"
"password-generator","Security","no_github_url","","","0"
"company-search-fengniao","Research","no_github_url","","","0"
"toby-productivity-helper-1","Productivity","no_github_url","","","0"
"data-format-converter","Integrations","no_github_url","","","0"
"safe-encryption-skill","Other","raw_download_failed","https://github.com/settings/keys/SKILL.md","","0"
"v2ray-proxy","Other","no_github_url","","","0"
"expanso-xml-to-json","Integrations","no_github_url","","","0"
"web-vulnerability-assessment","Security","no_github_url","","","0"
"podcast-downloader","Creative","no_github_url","","","0"
"story-long-analyze","Other","raw_download_failed","https://github.com/worldwonderer/oh-story-claudecode/SKILL.md","","0"
